Order_ID,Order_Date,Delivery_Date,Region,City,Category,Product,Customer_Age,Customer_Gender,Days_Since_Last_Order,Customer_Segment,Sales_Channel,Salesperson,Payment_Method,Units_Sold,Unit_Price,Gross_Sales,Discount_Pct,Discount_Amount,Net_Sales,Cost,Profit,Profit_Margin_Pct,Shipping_Cost,Tax_Pct,Tax_Amount,Total_Order_Value,Delivery_Days,Returned,Return_Amount,Customer_Satisfaction
ORD-10001,2026-01-21,2026-01-26,West,Mumbai,Office Supplies,Stapler,56,Male,160,Corporate,Online,SP-010,Net Banking,19,11836,224884,2.47,5554.634800000001,219329.3652,178068.17314749732,41261.19205250268,18.81243399162616,1506.77,12,26319.523824,247155.659024,5,No,0.0,4.1
ORD-10002,2025-12-12,2025-12-17,West,Surat,Office Supplies,Stapler,46,Male,200,Consumer,Retail Store,SP-015,Net Banking,3,9038,27114,23.82,6458.5548,20655.4452,16745.795936484763,3909.649263515239,18.92793510698689,1464.7,5,1032.7722600000002,23152.917460000004,5,No,0.0,3.8
ORD-10003,2025-07-21,2025-07-25,West,Mumbai,Office Supplies,Notebook,32,Female,344,Consumer,Online,SP-018,Cash,4,11853,47412,6.25,2963.25,44448.75,36082.95517530448,8365.79482469552,18.82121505035692,1406.48,12,5333.85,51189.08,4,No,0.0,3.4
ORD-10004,2026-02-23,2026-02-24,South,Bengaluru,Home Appliances,Washing Machine,60,Male,127,Consumer,Online,SP-010,Debit Card,15,67592,1013880,8.75,88714.5,925165.5,512358.0898799704,412807.4101200296,44.61984478669272,397.97,18,166529.79,1092093.26,1,No,0.0,3.1
ORD-10005,2026-04-07,2026-04-10,North,Chandigarh,Electronics,Tablet,25,Female,84,Consumer,Online,SP-007,UPI,23,43222,994106,16.66,165618.0596,828487.9404,654130.5328242979,174357.40757570206,21.045255950439188,876.38,5,41424.39702,870788.71742,3,No,0.0,5.0
ORD-10006,2025-06-09,2025-06-16,North,Lucknow,Furniture,Desk,38,Female,386,Consumer,Online,SP-002,Debit Card,7,24403,170821,15.9,27160.539,143660.461,99952.7849616482,43707.67603835181,30.424290534854823,405.36,5,7183.023050000001,151248.84405,7,No,0.0,4.3
ORD-10007,2025-09-16,2025-09-23,Central,Bhopal,Electronics,Laptop,56,Female,287,Small Business,Distributor,SP-001,UPI,12,33939,407268,9.31,37916.6508,369351.3492,214118.1552977156,155233.19390228443,42.02859803775273,448.89,12,44322.161904,414122.401104,7,No,0.0,3.2
ORD-10008,2025-01-02,2025-01-04,South,Kochi,Office Supplies,Notebook,36,Male,544,Consumer,Retail Store,SP-005,Credit Card,20,3781,75620,8.92,6745.304,68874.696,43178.0244638592,25696.6715361408,37.30930665180838,114.55,5,3443.7348,72432.9808,2,No,0.0,5.0
ORD-10009,2026-05-26,2026-05-27,North,Lucknow,Furniture,Chair,40,Female,35,Consumer,Distributor,SP-003,Net Banking,23,34970,804310,20.47,164642.25699999998,639667.743,433043.0178992427,206624.7251007573,32.30188286995696,1770.99,12,76760.12916,718198.86216,1,No,0.0,5.0
ORD-10010,2026-04-18,2026-04-20,West,Ahmedabad,Home Appliances,Air Conditioner,28,Male,73,Corporate,Distributor,SP-010,UPI,20,13680,273600,11.14,30479.04,243120.96,167703.10345301512,75417.85654698487,31.02071353575803,1515.99,18,43761.772800000006,288398.7228,2,No,0.0,4.2
ORD-10011,2026-02-08,2026-02-16,West,Surat,Furniture,Bookshelf,28,Female,142,Corporate,Retail Store,SP-016,Credit Card,2,22932,45864,9.8,4494.6720000000005,41369.328,26653.703066880746,14715.62493311926,35.57134148545816,1320.42,18,7446.47904,50136.22704,8,No,0.0,4.7
ORD-10012,2025-07-14,2025-07-15,East,Kolkata,Accessories,Mouse,41,Female,351,Consumer,Retail Store,SP-016,Net Banking,22,7444,163768,13.36,21879.4048,141888.5952,84889.41117034358,56999.18402965643,40.17178685102411,691.32,18,25539.947136000003,168119.86233600002,1,No,0.0,5.0
ORD-10013,2025-07-11,2025-07-12,East,Patna,Accessories,Webcam,53,Male,354,Small Business,Retail Store,SP-014,Cash,2,6100,12200,6.49,791.78,11408.22,8499.832020999525,2908.387979000474,25.49379288793935,541.35,18,2053.4796,14003.0496,1,Yes,11408.22,2.8
ORD-10014,2025-11-19,2025-11-27,East,Guwahati,Electronics,Laptop,57,Female,223,Small Business,Online,SP-018,Debit Card,21,74235,1558935,21.58,336418.17299999995,1222516.827,776993.7255705352,445523.1014294649,36.443105860780506,346.61,5,61125.84135,1283989.27835,8,Yes,1222516.827,2.9
ORD-10015,2025-02-05,2025-02-09,East,Bhubaneswar,Furniture,Desk,41,Female,510,Corporate,Retail Store,SP-012,UPI,11,7801,85811,7.89,6770.487899999999,79040.5121,56522.55800800858,22517.95409199143,28.48912980662663,192.79,18,14227.292178000002,93460.594278,4,No,0.0,4.7
ORD-10016,2025-09-21,2025-09-26,West,Pune,Furniture,Bookshelf,20,Male,282,Corporate,Online,SP-012,Cash,22,33289,732358,20.92,153209.2936,579148.7064,374854.85340829415,204293.85299170588,35.27485268189591,272.36,5,28957.43532,608378.5017200001,5,No,0.0,4.5
ORD-10017,2025-02-27,2025-03-06,West,Pune,Accessories,USB Hub,39,Male,488,Consumer,Retail Store,SP-001,Debit Card,23,4965,114195,13.87,15838.8465,98356.1535,62672.3686601355,35683.7848398645,36.28017523058636,1441.58,18,17704.10763,117501.84113,7,No,0.0,5.0
ORD-10018,2025-03-27,2025-04-05,South,Bengaluru,Furniture,Bookshelf,19,Male,460,Consumer,Retail Store,SP-005,Credit Card,8,5343,42744,16.07,6868.9608,35875.0392,23795.62710573824,12079.41209426176,33.67079831444968,483.53,18,6457.507056,42816.076256,9,No,0.0,3.7
ORD-10019,2025-11-21,2025-11-25,West,Mumbai,Home Appliances,Washing Machine,41,Male,221,Consumer,Online,SP-020,Net Banking,7,28049,196343,8.0,15707.44,180635.56,100095.98493559196,80539.57506440803,44.58677741215961,1683.51,5,9031.778,191350.848,4,No,0.0,4.3
ORD-10020,2025-02-04,2025-02-11,South,Hyderabad,Home Appliances,Refrigerator,61,Male,511,Consumer,Retail Store,SP-008,Cash,5,29107,145535,3.6,5239.26,140295.74,80980.11255532112,59315.62744467888,42.27899396280947,81.89,18,25253.2332,165630.8632,7,Yes,140295.74,3.4
ORD-10021,2026-04-02,2026-04-10,South,Chennai,Furniture,Desk,47,Female,89,Small Business,Online,SP-018,Credit Card,4,28092,112368,18.91,21248.7888,91119.2112,69882.95427954558,21236.256920454427,23.306014879609084,543.56,12,10934.305344,102597.076544,8,No,0.0,4.1
ORD-10022,2025-08-21,2025-08-24,Central,Nagpur,Electronics,Headphones,55,Male,313,Corporate,Retail Store,SP-007,Net Banking,9,63069,567621,9.36,53129.3256,514491.6744,407370.0171491381,107121.65725086191,20.82087283060259,731.1,5,25724.58372,540947.35812,3,No,0.0,4.2
ORD-10023,2026-02-02,2026-02-12,West,Ahmedabad,Furniture,Sofa,19,Male,148,Consumer,Online,SP-018,Net Banking,12,23972,287664,20.16,57993.0624,229670.9376,131974.81130454945,97696.12629545057,42.53743521768536,915.24,18,41340.768768,271926.946368,10,No,0.0,3.9
ORD-10024,2025-12-08,2025-12-12,North,Jaipur,Furniture,Bookshelf,38,Female,204,Small Business,Distributor,SP-007,Credit Card,14,29569,413966,3.87,16020.4842,397945.5158,227985.44642054965,169960.06937945035,42.70938171969982,1776.62,5,19897.27579,419619.41159,4,No,0.0,4.6
ORD-10025,2025-12-27,2026-01-03,Central,Nagpur,Home Appliances,Microwave,50,Male,185,Corporate,Online,SP-017,Credit Card,12,33178,398136,2.26,8997.873599999999,389138.1264,263266.87503861415,125871.25136138586,32.3461626661586,148.53,5,19456.90632,408743.5627200001,7,No,0.0,4.4
ORD-10026,2025-08-21,2025-08-22,North,Jaipur,Accessories,Mouse,29,Female,313,Small Business,Distributor,SP-001,Cash,13,5848,76024,7.82,5945.076800000001,70078.9232,51701.49668592646,18377.426514073544,26.22389967612052,182.01,18,12614.206176,82875.13937599999,1,No,0.0,4.2
ORD-10027,2026-06-24,2026-06-29,East,Guwahati,Electronics,Headphones,39,Male,6,Consumer,Distributor,SP-020,Cash,8,31959,255672,6.33,16184.0376,239487.9624,161701.9295851457,77786.03281485429,32.48014306662049,668.37,12,28738.555488,268894.887888,5,No,0.0,2.9
ORD-10028,2026-01-09,2026-01-10,West,Surat,Accessories,Keyboard,61,Male,172,Small Business,Distributor,SP-015,Credit Card,18,509,9162,23.45,2148.489,7013.511,5497.451176242753,1516.0598237572476,21.61627498348897,129.13,18,1262.43198,8405.072979999999,1,No,0.0,4.3
ORD-10029,2026-03-13,2026-03-20,East,Kolkata,Furniture,Sofa,42,Female,109,Consumer,Distributor,SP-014,Credit Card,17,22384,380528,5.08,19330.8224,361197.1776,199991.78195909463,161205.39564090536,44.63085694967107,181.88,5,18059.85888,379438.91648,7,No,0.0,3.9
ORD-10030,2025-02-23,2025-02-28,East,Kolkata,Accessories,USB Hub,44,Female,492,Consumer,Retail Store,SP-017,Cash,2,749,1498,13.97,209.2706,1288.7294,977.5347127494174,311.19468725058255,24.147403423137742,960.29,5,64.43647,2313.45587,5,No,0.0,3.1
ORD-10031,2025-12-01,2025-12-08,Central,Bhopal,Furniture,Sofa,59,Female,211,Consumer,Online,SP-010,Credit Card,2,10017,20034,4.09,819.3906,19214.6094,14336.54268795716,4878.0667120428425,25.387280118443844,1008.03,5,960.73047,21183.36987,7,No,0.0,4.7
ORD-10032,2026-01-09,2026-01-17,South,Bengaluru,Home Appliances,Washing Machine,45,Female,172,Consumer,Distributor,SP-004,Credit Card,21,41586,873306,14.36,125406.7416,747899.2583999999,504257.7421204501,243641.5162795498,32.57678270744356,1073.34,18,134621.86651199998,883594.4649119999,8,No,0.0,4.5
ORD-10033,2026-06-08,2026-06-18,East,Guwahati,Office Supplies,Pen Set,33,Female,22,Corporate,Online,SP-009,Debit Card,19,5785,109915,6.07,6671.8405,103243.1595,59256.37878199813,43986.78071800186,42.6050315885595,261.11,5,5162.157975,108666.427475,10,No,0.0,3.9
ORD-10034,2026-04-19,2026-04-26,North,Lucknow,Electronics,Smartphone,32,Male,72,Consumer,Distributor,SP-002,Cash,16,60796,972736,24.68,240071.2448,732664.7552,509113.7000169281,223551.05518307196,30.512052558342024,1667.07,12,87919.770624,822251.595824,7,No,0.0,3.6
ORD-10035,2026-04-30,2026-05-10,South,Chennai,Office Supplies,Stapler,64,Male,61,Consumer,Retail Store,SP-013,Net Banking,23,8372,192556,10.15,19544.434,173011.566,113709.12418742511,59302.44181257488,34.27657652238977,233.52,18,31142.08188,204387.16788,10,No,0.0,3.1
ORD-10036,2025-11-16,2025-11-18,North,Chandigarh,Furniture,Sofa,61,Female,226,Corporate,Online,SP-013,Cash,4,16369,65476,4.93,3227.9668,62248.0332,39005.83110149015,23242.20209850985,37.33805054343444,685.39,12,7469.763983999999,70403.187184,2,No,0.0,4.2
ORD-10037,2025-08-11,2025-08-17,North,Delhi,Accessories,Mouse,20,Female,323,Consumer,Online,SP-006,UPI,16,4235,67760,22.63,15334.088,52425.912,29969.959968161656,22455.95203183834,42.83368886713566,967.89,5,2621.2956,56015.0976,6,No,0.0,3.7
ORD-10038,2025-11-16,2025-11-22,North,Jaipur,Office Supplies,Stapler,54,Other,226,Consumer,Distributor,SP-011,Net Banking,5,9533,47665,13.68,6520.571999999999,41144.428,25322.36404109991,15822.06395890009,38.45493722479284,250.96,12,4937.33136,46332.71936,6,No,0.0,4.6
ORD-10039,2026-02-23,2026-02-24,Central,Indore,Office Supplies,Printer,24,Male,127,Consumer,Online,SP-011,Credit Card,5,7241,36205,20.63,7469.091499999999,28735.9085,17780.428925031334,10955.479574968667,38.12470232137838,1242.63,5,1436.795425,31415.333925000003,1,No,0.0,3.7
ORD-10040,2025-05-12,2025-05-21,South,Kochi,Office Supplies,Pen Set,38,Male,414,Small Business,Retail Store,SP-018,UPI,8,7141,57128,6.29,3593.3512,53534.6488,32850.82904967511,20683.819750324896,38.63632285624501,1159.08,12,6424.157856000001,61117.886656,9,No,0.0,5.0
ORD-10041,2026-01-26,2026-01-29,Central,Bhopal,Electronics,Headphones,26,Female,155,Consumer,Retail Store,SP-001,Net Banking,17,42016,714272,7.27,51927.5744,662344.4256,461368.8020829104,200975.6235170896,30.343068613437968,805.17,18,119221.996608,782371.592208,3,No,0.0,4.3
ORD-10042,2025-08-16,2025-08-24,East,Guwahati,Accessories,Mouse,56,Male,318,Corporate,Retail Store,SP-015,Cash,23,5112,117576,22.17,26066.599200000004,91509.4008,58782.16831939439,32727.232480605613,35.76379278467051,1487.2,18,16471.692144,109468.292944,8,No,0.0,3.8
ORD-10043,2025-01-23,2025-02-02,Central,Kanpur,Home Appliances,Washing Machine,35,Female,523,Corporate,Online,SP-018,Credit Card,19,64178,1219382,21.02,256314.0964,963067.9036,779073.9679650222,183993.93563497777,19.10498054677126,649.42,12,115568.148432,1079285.4720319998,10,No,0.0,4.3
ORD-10044,2025-10-23,2025-11-01,North,Lucknow,Home Appliances,Air Conditioner,21,Female,250,Small Business,Retail Store,SP-001,Cash,4,32632,130528,10.61,13849.020799999998,116678.9792,66344.69617173012,50334.283028269885,43.139118437085095,185.31,12,14001.477504,130865.766704,9,No,0.0,3.4
ORD-10045,2025-09-01,2025-09-10,Central,Bhopal,Home Appliances,Microwave,42,Male,302,Small Business,Online,SP-002,UPI,22,61264,1347808,20.47,275896.2976,1071911.7024,590892.0186293933,481019.6837706068,44.87493537887573,633.62,18,192944.10643200003,1265489.428832,9,No,0.0,4.1
ORD-10046,2026-04-14,2026-04-15,North,Chandigarh,Office Supplies,Pen Set,31,Female,77,Consumer,Online,SP-020,Credit Card,24,3772,90528,19.95,18060.336,72467.664,45288.56056834105,27179.10343165896,37.505146339005705,435.17,12,8696.119680000002,81598.95368,1,No,0.0,4.6
ORD-10047,2026-04-22,2026-04-30,North,Chandigarh,Home Appliances,Air Conditioner,26,Female,69,Small Business,Retail Store,SP-018,Debit Card,1,29442,29442,22.66,6671.557199999999,22770.4428,13784.946061394192,8985.496738605809,39.4612297069858,383.7,5,1138.52214,24292.66494,8,No,0.0,4.8
ORD-10048,2025-02-24,2025-02-26,West,Mumbai,Furniture,Desk,43,Male,491,Corporate,Online,SP-008,Credit Card,1,14342,14342,8.23,1180.3466,13161.6534,9527.456040024965,3634.1973599750345,27.61201233254657,765.28,18,2369.097612,16296.031012,2,No,0.0,3.4
ORD-10049,2025-04-06,2025-04-14,North,Lucknow,Office Supplies,Stapler,19,Female,450,Consumer,Retail Store,SP-004,Net Banking,8,3510,28080,22.41,6292.728,21787.272,15257.949640905492,6529.322359094509,29.96851721084911,1311.42,18,3921.70896,27020.40096,8,No,0.0,4.3
ORD-10050,2026-05-29,2026-05-30,Central,Bhopal,Accessories,Mouse,37,Female,32,Consumer,Distributor,SP-020,UPI,7,4742,33194,4.82,1599.9508,31594.0492,24853.139718648195,6740.909481351806,21.336009951367064,1175.12,12,3791.285904,36560.455104,1,No,0.0,4.3
ORD-10051,2025-06-07,2025-06-15,South,Hyderabad,Furniture,Sofa,45,Female,388,Corporate,Online,SP-018,UPI,5,15221,76105,7.05,5365.4025,70739.5975,57520.33057192133,13219.266928078672,18.68722383963052,1414.58,5,3536.9798750000004,75691.15737500001,8,No,0.0,3.2
ORD-10052,2025-05-26,2025-05-31,North,Jaipur,Electronics,Tablet,64,Male,400,Corporate,Online,SP-009,Debit Card,9,63029,567261,14.09,79927.0749,487333.9251,290623.246667321,196710.67843267895,40.36465928209581,526.54,18,87720.10651799999,575580.571618,5,No,0.0,4.0
ORD-10053,2026-02-05,2026-02-15,North,Delhi,Electronics,Smartphone,24,Female,145,Small Business,Online,SP-002,Net Banking,10,24725,247250,7.77,19211.325,228038.675,164401.39899853655,63637.27600146344,27.90635228934892,914.98,12,27364.641,256318.296,10,No,0.0,3.8
ORD-10054,2026-02-10,2026-02-15,East,Kolkata,Office Supplies,Printer,61,Male,140,Corporate,Online,SP-004,Net Banking,21,7019,147399,8.83,13015.3317,134383.6683,94462.21155741451,39921.45674258546,29.707074711983783,883.09,18,24189.060294,159455.81859399998,5,No,0.0,5.0
ORD-10055,2025-02-11,2025-02-20,East,Patna,Home Appliances,Air Conditioner,25,Male,504,Small Business,Distributor,SP-012,UPI,11,6524,71764,3.73,2676.7971999999995,69087.2028,51581.26309465989,17505.93970534011,25.33890358250271,917.11,18,12435.696504,82440.00930399999,9,No,0.0,4.4
ORD-10056,2026-04-30,2026-05-06,South,Kochi,Office Supplies,Printer,64,Female,61,Consumer,Distributor,SP-008,Credit Card,17,8182,139094,24.04,33438.1976,105655.8024,79745.40225796607,25910.400142033934,24.523404823466592,1168.16,5,5282.79012,112106.75252,6,No,0.0,4.4
ORD-10057,2026-06-03,2026-06-12,South,Bengaluru,Home Appliances,Air Conditioner,52,Male,27,Corporate,Online,SP-018,Net Banking,15,46360,695400,15.06,104727.24,590672.76,470873.5978606881,119799.1621393119,20.28181596512287,109.41,5,29533.638,620315.8080000001,9,No,0.0,4.0
ORD-10058,2026-06-11,2026-06-19,East,Bhubaneswar,Office Supplies,Notebook,31,Male,19,Corporate,Retail Store,SP-013,Debit Card,24,8180,196320,18.01,35357.232,160962.76799999998,103300.47043434205,57662.29756565794,35.82337597826222,1318.34,18,28973.29824,191254.40624,8,No,0.0,3.5
ORD-10059,2026-04-22,2026-04-27,North,Chandigarh,Accessories,Mouse,34,Female,69,Small Business,Online,SP-010,Credit Card,3,4310,12930,3.61,466.773,12463.227,6886.69401037646,5576.532989623541,44.74389329203055,142.2,5,623.16135,13228.588350000002,5,No,0.0,3.1
ORD-10060,2025-12-10,2025-12-14,West,Mumbai,Electronics,Smartphone,53,Female,202,Consumer,Online,SP-005,Cash,24,40413,969912,2.41,23374.8792,946537.1208,773022.7113112184,173514.4094887816,18.33149547712716,798.6,5,47326.856040000006,994662.57684,4,No,0.0,4.5
ORD-10061,2026-05-08,2026-05-18,Central,Indore,Home Appliances,Microwave,57,Female,53,Small Business,Distributor,SP-003,Cash,24,19899,477576,11.24,53679.542400000006,423896.4576,329033.9192236244,94862.53837637557,22.37870514735237,453.5,18,76301.36236799999,500651.319968,10,Yes,423896.4576,2.5
ORD-10062,2025-03-30,2025-04-08,Central,Bhopal,Electronics,Laptop,21,Female,457,Small Business,Distributor,SP-005,Debit Card,10,33425,334250,20.76,69390.3,264859.7,161723.05588161133,103136.64411838868,38.94010456041016,441.68,18,47674.74600000001,312976.126,9,No,0.0,4.0
ORD-10063,2025-06-25,2025-07-05,East,Kolkata,Office Supplies,Pen Set,19,Male,370,Consumer,Distributor,SP-003,Debit Card,2,9952,19904,8.47,1685.8688,18218.1312,11262.726632161945,6955.404567838055,38.1784744630561,58.89,18,3279.263616,21556.284816,10,No,0.0,4.7
ORD-10064,2026-02-26,2026-03-05,East,Kolkata,Accessories,Keyboard,23,Male,124,Small Business,Retail Store,SP-013,Debit Card,8,862,6896,7.49,516.5104,6379.4896,5110.7647438970525,1268.7248561029471,19.88756053623706,235.21,18,1148.308128,7763.007728,7,No,0.0,4.1
ORD-10065,2026-03-24,2026-04-01,North,Lucknow,Furniture,Desk,59,Male,98,Small Business,Online,SP-007,Debit Card,7,28588,200116,3.93,7864.5588,192251.4412,122682.7705554837,69568.6706445163,36.18629343441109,1029.73,18,34605.259416,227886.430616,8,No,0.0,3.8
ORD-10066,2025-01-22,2025-02-01,North,Chandigarh,Furniture,Sofa,21,Female,524,Consumer,Online,SP-018,Debit Card,5,18661,93305,23.79,22197.2595,71107.7405,42303.555529680976,28804.184970319024,40.507805152828645,1399.22,5,3555.387025,76062.347525,10,Yes,71107.7405,2.4
ORD-10067,2025-06-06,2025-06-10,Central,Nagpur,Home Appliances,Air Conditioner,46,Female,389,Consumer,Retail Store,SP-011,UPI,7,32082,224574,23.72,53268.95279999999,171305.0472,98944.47232819628,72360.57487180372,42.24077226826958,1544.87,18,30834.908496,203684.825696,4,No,0.0,3.6
ORD-10068,2026-06-08,2026-06-10,East,Kolkata,Home Appliances,Washing Machine,35,Female,22,Consumer,Distributor,SP-016,UPI,16,12424,198784,7.29,14491.3536,184292.6464,111964.83558356926,72327.81081643073,39.24617299132274,104.48,5,9214.63232,193611.75872,2,No,0.0,4.6
ORD-10069,2025-07-25,2025-08-01,West,Pune,Electronics,Laptop,43,Female,340,Consumer,Online,SP-006,Credit Card,14,38707,541898,23.18,125611.9564,416286.0436,298267.1123034641,118018.93129653588,28.350441507940065,1443.94,5,20814.30218,438544.28578,7,No,0.0,3.7
ORD-10070,2026-03-01,2026-03-09,West,Ahmedabad,Accessories,Keyboard,61,Male,121,Corporate,Online,SP-019,Credit Card,13,8857,115141,8.71,10028.7811,105112.2189,77535.51419443836,27576.70470556164,26.23548907458336,1555.21,12,12613.466268000002,119280.89516800002,8,No,0.0,5.0
ORD-10071,2025-04-26,2025-05-06,North,Chandigarh,Electronics,Smartphone,51,Female,430,Consumer,Online,SP-014,Debit Card,22,56787,1249314,13.91,173779.57739999998,1075534.4226,617059.8624243778,458474.5601756221,42.6276045230895,663.6,5,53776.72113,1129974.74373,10,No,0.0,4.2
ORD-10072,2025-11-14,2025-11-18,South,Hyderabad,Furniture,Desk,27,Male,228,Consumer,Online,SP-007,UPI,11,3925,43175,3.2,1381.6,41793.4,29094.475850138377,12698.924149861625,30.384998946871093,1290.86,12,5015.2080000000005,48099.468,4,No,0.0,3.4
ORD-10073,2026-06-21,2026-06-24,West,Surat,Home Appliances,Microwave,53,Female,9,Small Business,Online,SP-019,Net Banking,3,34545,103635,3.88,4021.038,99613.962,56410.89485433934,43203.06714566066,43.37049373225478,482.43,5,4980.6981,105077.0901,3,No,0.0,4.4
ORD-10074,2025-06-08,2025-06-18,South,Chennai,Furniture,Sofa,31,Male,387,Consumer,Distributor,SP-020,Cash,9,16025,144225,11.62,16758.945,127466.055,77112.64672530562,50353.408274694375,39.50338643075945,1520.79,5,6373.302749999999,135360.14775,10,No,0.0,3.7
ORD-10075,2026-01-06,2026-01-16,West,Surat,Home Appliances,Microwave,48,Female,175,Small Business,Online,SP-008,Cash,17,30849,524433,15.94,83594.62019999999,440838.3798,313605.9706704322,127232.4091295678,28.861463738091665,1437.67,18,79350.908364,521626.958164,10,No,0.0,4.4
ORD-10076,2025-03-25,2025-03-27,North,Lucknow,Furniture,Bookshelf,65,Male,462,Consumer,Retail Store,SP-017,UPI,10,24861,248610,7.69,19118.109,229491.891,180174.65123639483,49317.239763605176,21.489752665642197,829.28,18,41308.54038,271629.71138000005,2,No,0.0,3.3
ORD-10077,2025-12-27,2025-12-28,North,Delhi,Home Appliances,Microwave,32,Male,185,Small Business,Online,SP-020,Net Banking,1,41142,41142,7.43,3056.8506,38085.1494,21702.59851266895,16382.550887331054,43.01558782208966,347.08,12,4570.217928000001,43002.447328,1,No,0.0,4.5
ORD-10078,2026-05-26,2026-05-31,North,Lucknow,Accessories,Webcam,25,Male,35,Corporate,Online,SP-001,UPI,17,2242,38114,14.84,5656.1176000000005,32457.8824,22583.369386321745,9874.513013678254,30.42254233344025,109.83,12,3894.945888,36462.658288,5,No,0.0,4.2
ORD-10079,2025-07-03,2025-07-05,Central,Kanpur,Office Supplies,Printer,31,Female,362,Consumer,Retail Store,SP-013,Net Banking,12,5570,66840,23.89,15968.076,50871.924,36758.13864392741,14113.785356072583,27.74376167898149,1568.86,18,9156.94632,61597.73032,2,No,0.0,3.4
ORD-10080,2026-02-18,2026-02-20,South,Chennai,Home Appliances,Air Conditioner,40,Female,132,Consumer,Online,SP-008,Credit Card,23,63862,1468826,17.93,263360.5018,1205465.4982,935792.171609868,269673.326590132,22.370887179501025,1703.07,12,144655.859784,1351824.4279840002,2,No,0.0,4.2
ORD-10081,2025-06-10,2025-06-19,West,Ahmedabad,Electronics,Smartphone,57,Male,385,Small Business,Retail Store,SP-009,UPI,16,27508,440128,17.13,75393.9264,364734.0736,299024.2051212639,65709.86847873608,18.015829404192,134.37,5,18236.70368,383105.14728,9,No,0.0,3.9
ORD-10082,2025-03-06,2025-03-16,West,Pune,Accessories,Mouse,38,Male,481,Consumer,Retail Store,SP-019,Net Banking,6,9542,57252,21.98,12583.9896,44668.0104,29098.14937459198,15569.86102540802,34.85684919919339,569.52,18,8040.241872,53277.772272,10,No,0.0,4.2
ORD-10083,2026-03-30,2026-04-04,Central,Kanpur,Electronics,Laptop,33,Female,92,Consumer,Online,SP-004,UPI,6,71449,428694,12.66,54272.6604,374421.3396,244325.70993544933,130095.62966455068,34.74578393516081,1560.83,12,44930.560752,420912.730352,5,No,0.0,3.0
ORD-10084,2026-04-15,2026-04-18,South,Kochi,Office Supplies,Pen Set,62,Male,76,Consumer,Online,SP-004,Cash,23,5443,125189,17.06,21357.2434,103831.7566,67762.69318349476,36069.06341650523,34.737988258695445,395.02,5,5191.58783,109418.36443,3,No,0.0,4.2
ORD-10085,2025-02-08,2025-02-15,West,Pune,Office Supplies,Printer,35,Female,507,Small Business,Retail Store,SP-004,Net Banking,16,11028,176448,4.8,8469.504,167978.49599999998,100604.05552727774,67374.44047272224,40.10896756256363,1241.96,12,20157.41952,189377.87552,7,No,0.0,3.7
ORD-10086,2025-06-01,2025-06-02,West,Pune,Electronics,Tablet,64,Female,394,Consumer,Retail Store,SP-005,Net Banking,13,88758,1153854,7.25,83654.415,1070199.585,649880.9526612174,420318.63233878254,39.27478932247788,1119.22,12,128423.9502,1199742.7552,1,No,0.0,4.4
ORD-10087,2026-03-08,2026-03-13,South,Kochi,Office Supplies,Stapler,41,Male,114,Consumer,Retail Store,SP-010,Credit Card,18,9854,177372,21.99,39004.1028,138367.8972,93769.27151960829,44598.62568039172,32.23191692790408,986.88,12,16604.147664,155958.924864,5,No,0.0,4.7
ORD-10088,2026-06-15,2026-06-19,Central,Kanpur,Electronics,Smartphone,43,Male,15,Consumer,Online,SP-010,Cash,7,73108,511756,18.5,94674.86,417081.14,307371.1830303268,109709.95696967322,26.304223914242016,1784.7,12,50049.7368,468915.5768,4,No,0.0,5.0
ORD-10089,2025-06-09,2025-06-14,West,Surat,Accessories,Keyboard,42,Other,386,Corporate,Online,SP-012,Cash,1,2304,2304,13.94,321.1776,1982.8224,1126.7495205152584,856.0728794847416,43.1744607830102,1450.62,18,356.90803200000005,3790.350432,5,No,0.0,5.0
ORD-10090,2025-02-24,2025-02-25,South,Hyderabad,Furniture,Sofa,62,Male,491,Consumer,Online,SP-008,Net Banking,3,34007,102021,6.62,6753.7902,95267.2098,66179.60366700322,29087.606132996774,30.5326525192268,219.18,5,4763.36049,100249.75029,1,No,0.0,4.7
ORD-10091,2026-04-05,2026-04-11,East,Guwahati,Accessories,Webcam,58,Male,86,Consumer,Online,SP-009,Cash,5,4537,22685,7.91,1794.3835,20890.6165,15933.973809790325,4956.642690209676,23.72664631610884,1563.2,5,1044.530825,23498.347325,6,No,0.0,3.7
ORD-10092,2025-02-11,2025-02-17,South,Hyderabad,Electronics,Laptop,46,Female,504,Consumer,Distributor,SP-003,Debit Card,23,26073,599679,15.03,90131.7537,509547.2463,334049.77150249574,175497.47479750426,34.44184539742929,927.02,5,25477.362315,535951.628615,6,No,0.0,3.3
ORD-10093,2025-09-10,2025-09-16,East,Guwahati,Home Appliances,Microwave,32,Female,293,Consumer,Online,SP-016,Cash,2,69977,139954,24.44,34204.757600000004,105749.2424,76463.30744628221,29285.934953717777,27.693753911676044,1489.34,5,5287.462119999999,112526.04451999998,6,No,0.0,3.4
ORD-10094,2026-06-16,2026-06-18,West,Ahmedabad,Office Supplies,Printer,62,Other,14,Small Business,Retail Store,SP-006,Cash,2,7540,15080,24.21,3650.868,11429.132,7620.652942111856,3808.479057888144,33.322557285086425,595.68,12,1371.49584,13396.30784,2,No,0.0,4.3
ORD-10095,2025-03-24,2025-04-02,East,Bhubaneswar,Furniture,Bookshelf,18,Female,463,Consumer,Online,SP-019,Net Banking,5,33497,167485,24.88,41670.268,125814.732,71160.90696507324,54653.82503492676,43.43992485309809,1266.31,5,6290.7366,133371.7786,9,No,0.0,3.9
ORD-10096,2026-04-28,2026-05-05,North,Chandigarh,Home Appliances,Air Conditioner,42,Male,63,Consumer,Online,SP-014,Cash,20,57454,1149080,5.01,57568.908,1091511.092,861620.4510902098,229890.64090979015,21.061686188507387,837.12,5,54575.5546,1146923.7666,7,No,0.0,3.6
ORD-10097,2026-05-08,2026-05-13,Central,Bhopal,Accessories,Mouse,24,Male,53,Consumer,Online,SP-011,Cash,21,6507,136647,14.31,19554.1857,117092.8143,71204.66793102422,45888.14636897578,39.1895494555346,71.21,12,14051.137716,131215.162016,5,No,0.0,3.2
ORD-10098,2025-04-30,2025-05-09,West,Surat,Accessories,Mouse,26,Female,426,Consumer,Distributor,SP-002,Net Banking,16,3993,63888,11.03,7046.8464,56841.1536,45937.88303188944,10903.270568110558,19.182000852478403,283.0,5,2842.05768,59966.21128,9,No,0.0,3.6
ORD-10099,2026-02-20,2026-02-21,Central,Kanpur,Furniture,Desk,41,Female,130,Consumer,Distributor,SP-019,UPI,21,25253,530313,22.46,119108.2998,411204.7002,276192.7537394425,135011.94646055746,32.833269268296526,1594.3,5,20560.23501,433359.23521,1,No,0.0,4.6
ORD-10100,2026-01-03,2026-01-04,North,Delhi,Home Appliances,Refrigerator,18,Male,178,Consumer,Online,SP-008,Credit Card,4,43278,173112,6.0,10386.72,162725.28,93821.99810560652,68903.28189439348,42.34331745773827,1205.53,12,19527.0336,183457.8436,1,No,0.0,4.9
ORD-10101,2026-05-03,2026-05-05,North,Jaipur,Furniture,Sofa,61,Female,58,Consumer,Retail Store,SP-002,UPI,14,14504,203056,22.6,45890.656,157165.34399999998,100114.0390190722,57051.30498092777,36.30018140699503,269.16,18,28289.76192,185724.26592,2,No,0.0,5.0
ORD-10102,2025-05-02,2025-05-09,South,Hyderabad,Electronics,Tablet,25,Male,424,Corporate,Online,SP-012,Credit Card,8,46714,373712,23.35,87261.75200000001,286450.248,209829.16483103528,76621.08316896475,26.748478559168408,918.08,5,14322.5124,301690.84040000004,7,No,0.0,4.4
ORD-10103,2026-04-11,2026-04-13,South,Bengaluru,Accessories,Mouse,41,Female,80,Consumer,Distributor,SP-015,UPI,8,9289,74312,19.32,14357.0784,59954.9216,37335.09583601351,22619.82576398649,37.72805494584533,994.22,5,2997.74608,63946.88768,2,No,0.0,4.6
ORD-10104,2025-09-18,2025-09-21,West,Mumbai,Office Supplies,Printer,28,Male,285,Corporate,Retail Store,SP-008,UPI,22,6126,134772,19.51,26294.0172,108477.9828,64351.23751710991,44126.745282890086,40.67806585622653,857.73,5,5423.89914,114759.61194,3,No,0.0,4.5
ORD-10105,2025-11-10,2025-11-16,South,Chennai,Office Supplies,Printer,34,Male,232,Corporate,Retail Store,SP-016,UPI,7,11529,80703,20.03,16164.8109,64538.1891,45153.573409787205,19384.6156902128,30.03588411843554,59.15,12,7744.582692,72341.921792,6,No,0.0,4.6
ORD-10106,2025-07-07,2025-07-16,East,Kolkata,Furniture,Bookshelf,25,Male,358,Consumer,Retail Store,SP-017,Net Banking,10,25705,257050,2.04,5243.82,251806.18,150620.5351492123,101185.6448507877,40.183940223702095,100.87,12,30216.7416,282123.7916,9,No,0.0,4.8
ORD-10107,2025-07-30,2025-08-05,Central,Bhopal,Office Supplies,Stapler,52,Male,335,Consumer,Online,SP-019,Cash,20,10975,219500,15.85,34790.75,184709.25,102733.78113982214,81975.46886017786,44.38081409576286,613.69,18,33247.665,218570.605,6,No,0.0,4.5
ORD-10108,2026-02-03,2026-02-09,West,Pune,Electronics,Headphones,52,Male,147,Consumer,Online,SP-011,Credit Card,17,33051,561867,8.89,49949.9763,511917.0237,305532.3619231606,206384.6617768394,40.31603799481916,1165.72,18,92145.064266,605227.8079659999,6,No,0.0,3.8
ORD-10109,2025-10-29,2025-11-08,South,Kochi,Accessories,Keyboard,50,Female,244,Corporate,Distributor,SP-017,Cash,3,3257,9771,13.92,1360.1232,8410.8768,5304.3691190454165,3106.5076809545835,36.93440951310312,1696.19,12,1009.305216,11116.372016,10,No,0.0,3.9
ORD-10110,2026-06-27,2026-07-01,South,Kochi,Accessories,USB Hub,22,Female,3,Consumer,Online,SP-004,Cash,7,3339,23373,18.78,4389.4494,18983.5506,14364.634100296613,4618.916499703388,24.331151727240044,328.09,5,949.17753,20260.81813,4,No,0.0,4.4
ORD-10111,2025-08-16,2025-08-24,West,Pune,Home Appliances,Air Conditioner,59,Female,318,Consumer,Distributor,SP-004,Debit Card,24,65597,1574328,12.34,194272.0752,1380055.9248,1048444.8402547904,331611.0845452094,24.028814962210102,164.39,5,69002.79624,1449223.11104,8,Yes,1380055.9248,3.5
ORD-10112,2025-11-01,2025-11-04,North,Lucknow,Furniture,Bookshelf,56,Female,241,Corporate,Distributor,SP-012,Credit Card,15,13929,208935,18.81,39300.6735,169634.3265,138243.53075658568,31390.79574341432,18.504978556574347,498.93,18,30534.17877,200667.43527,3,No,0.0,5.0
ORD-10113,2025-06-26,2025-06-27,Central,Kanpur,Electronics,Smartphone,58,Male,369,Corporate,Online,SP-010,Cash,7,41365,289555,21.78,63065.079000000005,226489.921,168771.19824646707,57718.72275353293,25.484013813370936,168.42,12,27178.79052,253837.13152,1,No,0.0,4.5
ORD-10114,2025-08-31,2025-09-01,Central,Bhopal,Electronics,Smartphone,45,Male,303,Consumer,Distributor,SP-007,Cash,19,20924,397556,20.1,79908.75600000001,317647.244,184306.14165520307,133341.1023447969,41.97772997041868,672.95,18,57176.50392,375496.69792,1,No,0.0,3.8
ORD-10115,2025-03-07,2025-03-16,West,Pune,Home Appliances,Microwave,24,Female,480,Corporate,Online,SP-010,Net Banking,8,54050,432400,12.38,53531.12,378868.88,309137.0045150932,69731.87548490684,18.40527928419638,1401.02,18,68196.3984,448466.2984,9,No,0.0,3.3
ORD-10116,2025-03-13,2025-03-20,East,Bhubaneswar,Home Appliances,Air Conditioner,26,Male,474,Small Business,Online,SP-015,Debit Card,19,11411,216809,8.6,18645.574,198163.426,151410.866258646,46752.559741354,23.592930686086337,1060.79,5,9908.1713,209132.3873,7,No,0.0,3.5
ORD-10117,2025-09-17,2025-09-23,South,Kochi,Home Appliances,Microwave,25,Female,286,Corporate,Online,SP-001,Cash,3,18937,56811,24.62,13986.8682,42824.1318,25180.25172619365,17643.880073806355,41.20078874268352,403.53,5,2141.20659,45368.86839,6,No,0.0,3.5
ORD-10118,2025-08-15,2025-08-24,Central,Kanpur,Accessories,Mouse,29,Male,319,Consumer,Distributor,SP-018,UPI,23,6774,155802,14.13,22014.822600000003,133787.1774,99567.8260560935,34219.351343906485,25.57745219603272,1607.95,12,16054.461288,151449.588688,9,No,0.0,4.8
ORD-10119,2026-06-30,2026-07-09,West,Surat,Electronics,Headphones,51,Female,0,Small Business,Retail Store,SP-016,Credit Card,9,51732,465588,7.62,35477.8056,430110.1944,249676.67375799015,180433.5206420098,41.95053337289831,202.56,5,21505.50972,451818.26412,9,No,0.0,4.4
ORD-10120,2025-07-10,2025-07-13,Central,Nagpur,Office Supplies,Notebook,50,Male,355,Small Business,Retail Store,SP-015,Cash,20,1289,25780,2.09,538.802,25241.198,18528.320581481337,6712.877418518663,26.594923975156263,342.48,5,1262.0599,26845.7379,3,No,0.0,3.3
ORD-10121,2025-12-20,2025-12-28,East,Kolkata,Accessories,Keyboard,65,Female,192,Corporate,Distributor,SP-003,UPI,12,1638,19656,22.87,4495.327200000001,15160.6728,11083.933381641811,4076.7394183581873,26.89022757854248,1030.77,18,2728.921104,18920.363904,8,No,0.0,3.7
ORD-10122,2025-11-23,2025-12-02,East,Guwahati,Electronics,Laptop,40,Female,219,Consumer,Online,SP-019,Net Banking,6,42518,255108,22.95,58547.28599999999,196560.714,148122.20102694142,48438.51297305859,24.64302860288684,1458.59,5,9828.0357,207847.3397,9,No,0.0,3.2
ORD-10123,2025-05-07,2025-05-14,Central,Kanpur,Home Appliances,Washing Machine,41,Other,419,Consumer,Online,SP-012,UPI,1,16240,16240,3.11,505.064,15734.936,12490.103440297882,3244.8325597021176,20.621835129816336,1541.46,5,786.7467999999999,18063.1428,7,No,0.0,3.8
ORD-10124,2025-01-08,2025-01-15,East,Guwahati,Furniture,Chair,54,Male,538,Consumer,Online,SP-012,Net Banking,20,9851,197020,22.92,45156.984,151863.016,110963.8867641978,40899.12923580221,26.93159290067188,1501.25,5,7593.1508,160957.4168,7,No,0.0,4.6
ORD-10125,2025-06-11,2025-06-18,North,Lucknow,Furniture,Bookshelf,52,Female,384,Consumer,Retail Store,SP-018,Credit Card,19,14466,274854,10.84,29794.1736,245059.8264,167049.95845787748,78009.86794212251,31.83298914722585,1191.39,12,29407.179168,275658.395568,7,No,0.0,3.7
ORD-10126,2025-02-18,2025-02-19,Central,Nagpur,Furniture,Sofa,61,Female,497,Consumer,Online,SP-011,Net Banking,1,4800,4800,8.46,406.0800000000001,4393.92,2662.2233841680863,1731.6966158319135,39.41120038216248,954.0,12,527.2704,5875.1904,1,No,0.0,3.1
ORD-10127,2025-07-02,2025-07-11,West,Mumbai,Furniture,Sofa,57,Female,363,Small Business,Retail Store,SP-011,Cash,10,29005,290050,4.0,11602.0,278448.0,199538.05306559172,78909.94693440825,28.339204064819373,249.22,18,50120.64,328817.86,9,Yes,278448.0,2.6
ORD-10128,2025-12-09,2025-12-16,Central,Kanpur,Home Appliances,Air Conditioner,39,Female,203,Consumer,Distributor,SP-020,Debit Card,21,65716,1380036,23.94,330380.61840000004,1049655.3816,781758.3797952723,267897.0018047277,25.52237682013021,1560.04,12,125958.645792,1177174.067392,7,Yes,1049655.3816,2.9
ORD-10129,2025-04-15,2025-04-25,South,Chennai,Home Appliances,Microwave,44,Female,441,Small Business,Retail Store,SP-018,UPI,5,18395,91975,11.3,10393.175,81581.825,51942.48685580821,29639.338144191788,36.330810378649645,1362.24,12,9789.819,92733.884,10,No,0.0,4.0
ORD-10130,2025-11-07,2025-11-17,North,Delhi,Home Appliances,Air Conditioner,52,Male,235,Corporate,Online,SP-017,Credit Card,2,11439,22878,2.27,519.3306,22358.6694,14845.021784370218,7513.647615629781,33.60507497655376,566.32,5,1117.93347,24042.92287,10,No,0.0,4.1
ORD-10131,2025-02-10,2025-02-17,North,Jaipur,Home Appliances,Refrigerator,18,Female,505,Corporate,Online,SP-004,Net Banking,3,41788,125364,7.2,9026.208,116337.792,76055.21463153945,40282.57736846055,34.62553025629071,837.72,18,20940.80256,138116.31456,7,No,0.0,2.9
ORD-10132,2026-04-24,2026-04-25,North,Chandigarh,Furniture,Bookshelf,52,Female,67,Consumer,Retail Store,SP-005,Debit Card,5,29840,149200,2.59,3864.28,145335.72,105277.13260582736,40058.587394172646,27.56279557026493,1164.58,18,26160.4296,172660.7296,1,No,0.0,4.9
ORD-10133,2025-12-29,2026-01-08,West,Surat,Home Appliances,Microwave,54,Female,183,Consumer,Retail Store,SP-010,Cash,13,24799,322387,14.23,45875.6701,276511.3299,162218.9781421658,114292.3517578342,41.33369572927369,223.78,12,33181.359588,309916.46948800003,10,No,0.0,3.6
ORD-10134,2025-04-19,2025-04-25,South,Bengaluru,Accessories,Mouse,64,Male,437,Consumer,Online,SP-005,Credit Card,6,2916,17496,4.03,705.0888,16790.9112,11986.30751896178,4804.603681038219,28.61431177742289,315.27,5,839.54556,17945.726759999998,6,No,0.0,3.8
ORD-10135,2025-10-27,2025-11-03,North,Delhi,Furniture,Chair,31,Male,246,Corporate,Distributor,SP-003,Cash,19,11569,219811,6.07,13342.5277,206468.4723,141846.01228147102,64622.460018528975,31.29894811476695,1235.43,5,10323.423615,218027.325915,7,No,0.0,4.3
ORD-10136,2025-03-05,2025-03-10,South,Hyderabad,Home Appliances,Air Conditioner,20,Female,482,Corporate,Retail Store,SP-013,Net Banking,18,53980,971640,2.91,28274.724,943365.276,639976.578904206,303388.6970957939,32.16025698785567,1000.29,18,169805.74967999998,1114171.31568,5,No,0.0,3.3
ORD-10137,2025-08-16,2025-08-22,Central,Bhopal,Office Supplies,Pen Set,18,Female,318,Consumer,Retail Store,SP-011,Credit Card,20,1082,21640,24.56,5314.784000000001,16325.216,11109.636118232303,5215.579881767697,31.94799922872504,1561.21,18,2938.5388800000005,20824.96488,6,No,0.0,2.9
ORD-10138,2025-12-03,2025-12-04,East,Bhubaneswar,Electronics,Headphones,22,Male,209,Small Business,Online,SP-008,UPI,19,30190,573610,12.96,74339.856,499270.144,408878.8802972109,90391.26370278907,18.104680359735088,154.08,5,24963.5072,524387.7311999999,1,No,0.0,5.0
ORD-10139,2025-10-04,2025-10-06,East,Patna,Accessories,Keyboard,43,Female,269,Small Business,Online,SP-015,UPI,23,6345,145935,18.62,27173.097,118761.903,87525.59340381232,31236.309596187668,26.30162434849808,285.26,12,14251.428359999998,133298.59136,2,No,0.0,4.2
ORD-10140,2025-05-07,2025-05-08,East,Bhubaneswar,Furniture,Chair,31,Male,419,Consumer,Online,SP-002,Credit Card,3,5363,16089,3.59,577.5951,15511.4049,8555.001575679233,6956.403324320767,44.84702300770169,1689.91,5,775.570245,17976.885145,1,No,0.0,5.0
ORD-10141,2026-01-10,2026-01-12,South,Chennai,Home Appliances,Microwave,56,Male,171,Consumer,Online,SP-002,Debit Card,8,26793,214344,23.97,51378.2568,162965.7432,112624.92141025714,50340.821789742855,30.89043181790789,574.24,5,8148.28716,171688.27036,2,No,0.0,4.0
ORD-10142,2025-02-22,2025-02-25,Central,Nagpur,Home Appliances,Microwave,44,Male,493,Consumer,Distributor,SP-017,Debit Card,14,33454,468356,14.63,68520.4828,399835.5172,243581.384313068,156254.13288693203,39.07960302805537,108.92,18,71970.393096,471914.830296,3,No,0.0,4.2
ORD-10143,2025-10-17,2025-10-19,South,Kochi,Home Appliances,Washing Machine,26,Male,256,Corporate,Online,SP-017,Credit Card,14,23691,331674,23.09,76583.5266,255090.4734,189934.4711554721,65156.00224452792,25.542311077355944,752.53,18,45916.285212,301759.28861200006,2,No,0.0,3.5
ORD-10144,2025-05-17,2025-05-19,North,Jaipur,Accessories,Mouse,32,Female,409,Corporate,Retail Store,SP-004,Debit Card,17,6968,118456,23.63,27991.1528,90464.8472,51776.033188727095,38688.81401127291,42.76668253884245,1679.05,5,4523.24236,96667.13956,2,No,0.0,4.7
ORD-10145,2026-06-20,2026-06-21,East,Kolkata,Office Supplies,Printer,32,Male,10,Consumer,Distributor,SP-005,Debit Card,19,7294,138586,5.84,8093.422399999999,130492.5776,96893.66629558855,33598.91130441145,25.747756632873383,1216.17,5,6524.62888,138233.37648,1,No,0.0,5.0
ORD-10146,2025-11-25,2025-12-01,North,Delhi,Home Appliances,Washing Machine,43,Female,217,Consumer,Online,SP-001,Net Banking,18,25456,458208,14.7,67356.576,390851.424,258847.3454146193,132004.07858538066,33.77346748143884,1309.39,5,19542.5712,411703.3852,6,No,0.0,3.8
ORD-10147,2025-09-09,2025-09-12,Central,Indore,Accessories,Keyboard,59,Other,294,Consumer,Online,SP-012,Cash,7,9631,67417,11.09,7476.545300000001,59940.4547,44509.73520236508,15430.71949763492,25.74341415136933,398.63,5,2997.022735,63336.107435,3,No,0.0,4.4
ORD-10148,2025-06-20,2025-06-29,South,Chennai,Accessories,Keyboard,30,Female,375,Small Business,Distributor,SP-006,Credit Card,17,9078,154326,11.3,17438.838,136887.162,94911.14813910908,41976.01386089093,30.66468268287345,1091.48,5,6844.3581,144823.00010000003,9,No,0.0,4.5
ORD-10149,2025-02-02,2025-02-09,West,Ahmedabad,Home Appliances,Washing Machine,49,Female,513,Corporate,Retail Store,SP-016,UPI,12,56374,676488,4.76,32200.8288,644287.1712,400558.0794448693,243729.09175513076,37.829263510117634,80.72,5,32214.35856,676582.2497599999,7,No,0.0,3.3
ORD-10150,2026-02-16,2026-02-23,Central,Nagpur,Accessories,Webcam,56,Male,134,Small Business,Retail Store,SP-004,Debit Card,11,9335,102685,22.69,23299.2265,79385.7735,58883.3310716224,20502.442428377595,25.82634334145223,1690.41,12,9526.29282,90602.47632,7,No,0.0,3.1
ORD-10151,2025-10-28,2025-10-31,North,Lucknow,Accessories,USB Hub,49,Female,245,Small Business,Retail Store,SP-015,Net Banking,15,8159,122385,16.25,19887.5625,102497.4375,81171.84937194684,21325.58812805316,20.805971981546527,1532.59,18,18449.53875,122479.56625,3,No,0.0,4.4
ORD-10152,2026-04-04,2026-04-12,East,Patna,Electronics,Laptop,21,Female,87,Small Business,Online,SP-018,UPI,22,83451,1835922,3.43,62972.1246,1772949.8754,1045635.878250119,727313.997149881,41.022817804467806,63.72,5,88647.49377,1861661.08917,8,No,0.0,4.8
ORD-10153,2025-08-23,2025-08-24,South,Hyderabad,Accessories,Mouse,47,Male,311,Corporate,Online,SP-012,Credit Card,6,2432,14592,12.55,1831.296,12760.704,8950.818512194886,3809.885487805114,29.856389489209324,1561.93,5,638.0351999999999,14960.6692,1,No,0.0,4.1
ORD-10154,2025-09-02,2025-09-04,West,Ahmedabad,Home Appliances,Washing Machine,54,Female,301,Consumer,Distributor,SP-008,Cash,12,63229,758748,21.08,159944.07839999997,598803.9216,447709.5866587858,151094.33494121418,25.232689615240183,671.32,5,29940.19608,629415.43768,2,No,0.0,4.2
ORD-10155,2026-05-27,2026-06-06,South,Kochi,Home Appliances,Air Conditioner,40,Female,34,Consumer,Online,SP-016,UPI,17,27357,465069,13.47,62644.79430000001,402424.2057,222648.37166688225,179775.83403311778,44.6732158470451,65.82,5,20121.210285,422611.235985,10,No,0.0,4.1
ORD-10156,2025-11-23,2025-11-24,Central,Indore,Electronics,Laptop,56,Female,219,Consumer,Retail Store,SP-020,Cash,10,76323,763230,23.15,176687.745,586542.255,479896.4701147862,106645.78488521384,18.18211458357997,128.59,5,29327.11275,615997.95775,1,No,0.0,3.2
ORD-10157,2026-02-08,2026-02-12,East,Patna,Electronics,Headphones,62,Female,142,Corporate,Online,SP-005,Debit Card,18,53740,967320,11.56,111822.192,855497.808,666230.3391194699,189267.4688805301,22.123664971509797,1628.91,12,102659.73695999998,959786.45496,4,Yes,855497.808,3.1
ORD-10158,2026-02-09,2026-02-13,North,Delhi,Furniture,Bookshelf,32,Female,141,Consumer,Distributor,SP-020,Debit Card,5,4871,24355,10.12,2464.726,21890.274,17324.082401358777,4566.191598641224,20.859453831602217,1706.3,5,1094.5137000000002,24691.0877,4,No,0.0,4.5
ORD-10159,2025-02-09,2025-02-13,West,Mumbai,Accessories,USB Hub,60,Male,506,Consumer,Online,SP-003,Debit Card,7,770,5390,22.23,1198.197,4191.803,2826.116293886751,1365.6867061132489,32.579935319318416,216.34,18,754.52454,5162.66754,4,No,0.0,4.5
ORD-10160,2025-03-26,2025-03-30,North,Delhi,Accessories,USB Hub,46,Female,461,Consumer,Distributor,SP-019,Net Banking,21,5945,124845,3.26,4069.947,120775.053,98157.64216065408,22617.41083934593,18.726889599747004,445.72,12,14493.00636,135713.77936000002,4,No,0.0,4.9
ORD-10161,2026-06-12,2026-06-20,West,Surat,Office Supplies,Pen Set,53,Female,18,Corporate,Online,SP-016,UPI,13,6880,89440,4.88,4364.6720000000005,85075.328,54531.62423250751,30543.703767492487,35.90195240562868,1799.2,18,15313.559039999998,102188.08703999998,8,No,0.0,3.3
ORD-10162,2025-04-12,2025-04-13,South,Chennai,Office Supplies,Notebook,30,Male,444,Corporate,Retail Store,SP-019,Net Banking,11,11165,122815,15.84,19453.896,103361.104,65124.85238049197,38236.25161950802,36.99288237043988,1300.24,5,5168.0552,109829.3992,1,No,0.0,4.2
ORD-10163,2026-04-22,2026-05-01,North,Delhi,Furniture,Bookshelf,49,Male,69,Consumer,Online,SP-012,Cash,6,27582,165492,21.56,35680.0752,129811.9248,83474.66290394145,46337.26189605855,35.6956897199159,104.0,5,6490.596240000001,136406.52104000002,9,No,0.0,4.4
ORD-10164,2025-11-11,2025-11-14,North,Delhi,Office Supplies,Notebook,24,Male,231,Consumer,Retail Store,SP-001,Credit Card,4,8434,33736,2.26,762.4335999999998,32973.5664,24400.40420050125,8573.16219949875,26.000105950015616,1747.95,5,1648.6783200000002,36370.19472,3,No,0.0,4.6
ORD-10165,2026-05-29,2026-06-06,East,Kolkata,Electronics,Laptop,39,Female,32,Corporate,Distributor,SP-014,UPI,13,75391,980083,5.03,49298.174900000005,930784.8251,729390.777441267,201394.04765873295,21.63701450945937,325.23,18,167541.268518,1098651.323618,8,No,0.0,3.6
ORD-10166,2025-03-10,2025-03-16,South,Kochi,Office Supplies,Pen Set,45,Other,477,Consumer,Retail Store,SP-001,Debit Card,1,3397,3397,16.29,553.3713,2843.6287,1820.4725837946264,1023.1561162053738,35.980650926943234,1332.22,12,341.235444,4517.084144,6,No,0.0,4.1
ORD-10167,2025-12-04,2025-12-14,North,Lucknow,Accessories,Webcam,19,Male,208,Consumer,Online,SP-010,Credit Card,4,6858,27432,11.62,3187.5984,24244.4016,18250.06411321469,5994.337486785309,24.72462544419042,227.4,5,1212.22008,25684.02168,10,No,0.0,4.1
ORD-10168,2025-06-15,2025-06-21,South,Chennai,Furniture,Chair,59,Female,380,Small Business,Retail Store,SP-007,UPI,18,24192,435456,15.93,69368.1408,366087.8592,252429.763627312,113658.09557268803,31.046671643539725,1345.28,12,43930.543104,411363.682304,6,No,0.0,3.9
ORD-10169,2026-03-19,2026-03-23,Central,Indore,Home Appliances,Air Conditioner,62,Male,103,Consumer,Retail Store,SP-015,UPI,19,53021,1007399,14.96,150706.8904,856692.1096,575427.5379655734,281264.5716344266,32.831465176649345,1226.1,12,102803.053152,960721.262752,4,No,0.0,4.0
ORD-10170,2025-09-19,2025-09-25,East,Guwahati,Accessories,Webcam,23,Female,284,Corporate,Retail Store,SP-018,UPI,13,7831,101803,23.61,24035.6883,77767.31169999999,47401.55594607853,30365.75575392146,39.0469402762208,1320.02,12,9332.077404,88419.40910399999,6,No,0.0,3.4
ORD-10171,2026-01-12,2026-01-21,South,Hyderabad,Home Appliances,Air Conditioner,45,Female,169,Consumer,Distributor,SP-017,Cash,15,7426,111390,12.08,13455.912,97934.088,80207.11877869429,17726.969221305713,18.100918263828333,451.05,18,17628.13584,116013.27384,9,No,0.0,3.8
ORD-10172,2025-12-04,2025-12-10,West,Ahmedabad,Electronics,Laptop,45,Female,208,Consumer,Online,SP-004,UPI,2,18442,36884,15.95,5882.998,31001.002,22682.66900486715,8318.332995132849,26.832464947851843,192.01,18,5580.180359999999,36773.19236,6,No,0.0,4.3
ORD-10173,2025-07-06,2025-07-11,Central,Nagpur,Office Supplies,Notebook,61,Male,359,Consumer,Online,SP-006,Debit Card,14,689,9646,6.74,650.1404,8995.8596,6890.145364430626,2105.714235569374,23.40759337294875,633.81,5,449.79298,10079.46258,5,No,0.0,4.3
ORD-10174,2025-05-09,2025-05-16,West,Pune,Home Appliances,Air Conditioner,61,Male,417,Small Business,Online,SP-006,Debit Card,2,18516,37032,15.58,5769.5856,31262.4144,20635.09649888841,10627.317901111586,33.99391283454929,871.67,18,5627.234592000001,37761.318992,7,No,0.0,4.7
ORD-10175,2025-11-08,2025-11-18,North,Delhi,Accessories,USB Hub,37,Male,234,Consumer,Retail Store,SP-020,Credit Card,21,1302,27342,20.53,5613.3126,21728.6874,11997.503206481066,9731.184193518931,44.784961071872814,1667.98,18,3911.163732,27307.831132,10,No,0.0,3.2
ORD-10176,2026-03-01,2026-03-07,Central,Indore,Accessories,USB Hub,47,Male,121,Corporate,Online,SP-017,Net Banking,7,7472,52304,11.03,5769.1312,46534.8688,32546.962882430493,13987.905917569504,30.05897787675616,930.48,12,5584.184256,53049.533056,6,No,0.0,3.2
ORD-10177,2025-01-18,2025-01-24,East,Bhubaneswar,Electronics,Headphones,28,Female,528,Corporate,Online,SP-010,UPI,5,31199,155995,5.8,9047.71,146947.29,80900.0489953741,66047.2410046259,44.9462123490851,1307.79,12,17633.6748,165888.75480000002,6,No,0.0,3.5
ORD-10178,2025-10-16,2025-10-17,South,Chennai,Home Appliances,Air Conditioner,45,Female,257,Consumer,Retail Store,SP-010,Debit Card,11,52221,574431,24.08,138322.98479999998,436108.0152,312428.27541464305,123679.73978535696,28.359886880005448,1024.54,18,78499.44273600001,515631.997936,1,No,0.0,2.9
ORD-10179,2025-01-17,2025-01-24,North,Delhi,Furniture,Desk,42,Other,529,Consumer,Distributor,SP-017,Cash,2,14207,28414,13.4,3807.476000000001,24606.524,19733.062975900848,4873.46102409915,19.805564670975677,818.42,12,2952.7828799999997,28377.726879999995,7,No,0.0,4.6
ORD-10180,2025-04-03,2025-04-12,North,Delhi,Electronics,Headphones,56,Other,453,Consumer,Online,SP-009,UPI,15,44468,667020,2.23,14874.546,652145.454,486063.433520064,166082.02047993604,25.46702111641739,987.4,5,32607.2727,685740.1267,9,No,0.0,4.8
ORD-10181,2026-06-18,2026-06-24,West,Ahmedabad,Electronics,Headphones,50,Female,12,Consumer,Online,SP-020,Credit Card,2,12994,25988,16.9,4391.972,21596.028,11968.243352460187,9627.784647539813,44.58127507308201,541.54,12,2591.52336,24729.09136,6,No,0.0,4.4
ORD-10182,2026-05-22,2026-05-26,North,Delhi,Furniture,Desk,18,Female,39,Consumer,Distributor,SP-011,UPI,20,28345,566900,10.06,57030.14,509869.86,331713.1647970234,178156.69520297658,34.941601608492135,170.25,12,61184.3832,571224.4932,4,Yes,509869.86,2.8
ORD-10183,2026-05-15,2026-05-16,East,Bhubaneswar,Electronics,Laptop,44,Female,46,Consumer,Distributor,SP-007,Net Banking,24,86542,2077008,14.6,303243.168,1773764.832,1225121.20865989,548643.6233401101,30.931023856273526,662.86,12,212851.77984,1987279.47184,1,Yes,1773764.832,3.2
ORD-10184,2026-03-21,2026-03-27,North,Lucknow,Home Appliances,Microwave,30,Female,101,Corporate,Distributor,SP-008,UPI,23,20935,481505,21.61,104053.2305,377451.7695,262798.7309547983,114653.0385452017,30.375546708147493,1376.97,12,45294.21234,424122.95184,6,No,0.0,3.5
ORD-10185,2026-01-04,2026-01-10,North,Chandigarh,Accessories,Webcam,58,Male,177,Small Business,Distributor,SP-001,Cash,10,3061,30610,5.07,1551.927,29058.073,19464.31717869407,9593.755821305933,33.01580191262487,838.86,12,3486.96876,33383.90176,6,No,0.0,5.0
ORD-10186,2026-06-24,2026-07-02,West,Mumbai,Furniture,Desk,20,Male,6,Consumer,Retail Store,SP-006,Cash,22,26031,572682,20.09,115051.8138,457630.1862,347290.4651898768,110339.7210101232,24.11111074781701,1358.72,5,22881.50931,481870.41551,8,Yes,457630.1862,3.3
ORD-10187,2025-07-01,2025-07-07,Central,Nagpur,Office Supplies,Pen Set,56,Male,364,Corporate,Online,SP-010,UPI,18,11967,215406,12.04,25934.8824,189471.1176,138319.29979138117,51151.81780861883,26.997158435834773,215.07,18,34104.801168,223790.988768,6,No,0.0,4.6
ORD-10188,2025-06-15,2025-06-23,Central,Indore,Office Supplies,Pen Set,23,Female,380,Consumer,Online,SP-004,UPI,17,3164,53788,15.02,8078.9576,45709.0424,29000.10456006276,16708.93783993724,36.55499429132044,1195.1,18,8227.627632,55131.77003199999,8,No,0.0,4.5
ORD-10189,2025-10-03,2025-10-06,South,Hyderabad,Office Supplies,Stapler,25,Female,270,Consumer,Online,SP-005,UPI,19,9988,189772,18.86,35790.9992,153981.0008,112799.3760944746,41181.62470552542,26.74461426511615,292.26,5,7699.050040000001,161972.31084000002,3,No,0.0,3.1
ORD-10190,2026-04-16,2026-04-21,Central,Indore,Accessories,USB Hub,44,Male,75,Consumer,Distributor,SP-009,UPI,10,4883,48830,12.46,6084.218000000001,42745.782,31298.132505639245,11447.649494360754,26.780769841479923,1235.68,12,5129.493839999999,49110.95584,5,No,0.0,3.2
ORD-10191,2025-04-22,2025-04-23,North,Delhi,Furniture,Desk,26,Female,434,Consumer,Retail Store,SP-020,UPI,4,20062,80248,12.42,9966.8016,70281.1984,56657.9602479293,13623.238152070691,19.3839013309578,156.06,12,8433.743808,78871.00220799999,1,No,0.0,4.7
ORD-10192,2025-12-06,2025-12-10,West,Surat,Furniture,Desk,54,Female,206,Small Business,Retail Store,SP-014,UPI,17,25989,441813,15.66,69187.9158,372625.0842,275635.56509496155,96989.51910503845,26.02871444182781,166.42,12,44715.010104,417506.514304,4,No,0.0,4.4
ORD-10193,2026-01-01,2026-01-05,Central,Indore,Office Supplies,Printer,50,Male,180,Small Business,Distributor,SP-017,Debit Card,9,2459,22131,17.9,3961.449,18169.551,12951.631696650642,5217.9193033493575,28.71793201356136,1133.24,18,3270.51918,22573.31018,4,No,0.0,2.8
ORD-10194,2025-10-23,2025-10-31,Central,Indore,Office Supplies,Notebook,59,Male,250,Consumer,Online,SP-011,Cash,2,4345,8690,4.32,375.408,8314.592,4949.033018752352,3365.5589812476483,40.477740594459085,307.73,18,1496.6265600000002,10118.94856,8,No,0.0,3.3
ORD-10195,2025-01-31,2025-02-07,West,Pune,Home Appliances,Refrigerator,61,Female,515,Consumer,Online,SP-006,Debit Card,4,49254,197016,9.88,19465.1808,177550.8192,139103.5935342154,38447.22566578459,21.654209109830223,321.12,18,31959.147456,209831.086656,7,No,0.0,3.4
ORD-10196,2026-02-03,2026-02-13,East,Guwahati,Home Appliances,Microwave,41,Female,147,Small Business,Online,SP-007,Cash,10,60479,604790,12.54,75840.666,528949.334,394464.8336251805,134484.50037481956,25.4248359399238,1055.0,18,95210.88012,625215.21412,10,No,0.0,4.3
ORD-10197,2026-03-15,2026-03-22,North,Chandigarh,Electronics,Tablet,32,Female,107,Consumer,Online,SP-013,Cash,18,57996,1043928,21.28,222147.8784,821780.1216,532167.5660873036,289612.5555126964,35.24209796518597,1554.64,12,98613.61459199998,921948.376192,7,No,0.0,3.8
ORD-10198,2026-02-26,2026-03-06,North,Delhi,Accessories,Mouse,49,Female,124,Corporate,Retail Store,SP-003,Net Banking,14,2074,29036,23.44,6806.038400000001,22229.9616,16677.644273275604,5552.317326724395,24.976729274801784,538.98,18,4001.393088,26770.334688,8,No,0.0,4.3
ORD-10199,2025-09-12,2025-09-17,East,Kolkata,Furniture,Bookshelf,49,Female,291,Consumer,Distributor,SP-020,Net Banking,8,27805,222440,22.56,50182.46399999999,172257.53600000002,110437.69772429358,61819.83827570644,35.88803120677776,1326.56,5,8612.876800000002,182196.9728,5,No,0.0,3.4
ORD-10200,2025-10-06,2025-10-14,Central,Kanpur,Furniture,Desk,41,Female,267,Consumer,Online,SP-015,UPI,17,21363,363171,4.16,15107.913600000002,348063.0864,237119.7983307997,110943.28806920028,31.87447689919705,1661.29,5,17403.154319999998,367127.5307199999,8,No,0.0,4.5
ORD-10201,2026-04-12,2026-04-16,Central,Indore,Accessories,Keyboard,58,Female,79,Corporate,Retail Store,SP-020,Credit Card,23,7251,166773,10.64,17744.647200000003,149028.3528,110458.75631197751,38569.596488022464,25.880710457683097,882.45,18,26825.103504,176735.906304,4,No,0.0,5.0
ORD-10202,2025-07-09,2025-07-10,North,Chandigarh,Electronics,Smartphone,29,Female,356,Small Business,Retail Store,SP-010,UPI,11,21409,235499,12.71,29931.9229,205567.0771,155986.94640382577,49580.13069617422,24.11871170987926,1651.19,18,37002.073878,244220.340978,1,No,0.0,4.0
ORD-10203,2025-08-15,2025-08-18,East,Patna,Office Supplies,Pen Set,56,Male,319,Corporate,Online,SP-017,UPI,21,9983,209643,19.24,40335.3132,169307.6868,112826.70163559476,56480.985164405225,33.35996506238087,203.21,5,8465.38434,177976.28113999998,3,No,0.0,4.4
ORD-10204,2025-07-05,2025-07-08,West,Pune,Accessories,Webcam,19,Male,360,Consumer,Online,SP-001,Debit Card,17,3859,65603,14.49,9505.8747,56097.1253,36107.431556849966,19989.693743150037,35.634078638161576,812.38,18,10097.482554,67006.987854,3,No,0.0,4.2
ORD-10205,2026-05-26,2026-05-28,South,Kochi,Electronics,Headphones,20,Male,35,Small Business,Distributor,SP-008,Debit Card,18,56003,1008054,15.69,158163.6726,849890.3274000001,501968.6105408754,347921.71685912466,40.93724868283807,1744.13,5,42494.51637,894128.97377,2,No,0.0,4.3
ORD-10206,2026-01-03,2026-01-04,East,Patna,Accessories,Webcam,54,Female,178,Corporate,Online,SP-002,UPI,15,2898,43470,10.21,4438.287,39031.713,29450.02855748487,9581.684442515132,24.548459972830635,566.38,18,7025.70834,46623.80134,1,No,0.0,4.6
ORD-10207,2025-03-11,2025-03-12,South,Bengaluru,Electronics,Tablet,34,Female,476,Small Business,Online,SP-003,UPI,1,53939,53939,15.71,8473.8169,45465.1831,30331.54492014771,15133.638179852293,33.28621408290841,337.71,5,2273.259155,48076.152255,1,Yes,45465.1831,2.2
ORD-10208,2025-01-30,2025-02-06,South,Chennai,Electronics,Tablet,19,Female,516,Consumer,Distributor,SP-008,Cash,5,63161,315805,7.2,22737.96,293067.04,232061.75071839456,61005.28928160539,20.816154993616955,1421.13,18,52752.0672,347240.2372,7,No,0.0,4.2
ORD-10209,2026-01-20,2026-01-21,Central,Bhopal,Home Appliances,Microwave,19,Male,161,Corporate,Online,SP-015,Credit Card,21,6587,138327,17.92,24788.198400000005,113538.8016,76484.37237640179,37054.4292235982,32.63591715028125,446.41,18,20436.984288,134422.195888,1,No,0.0,4.5
ORD-10210,2025-09-26,2025-09-27,East,Kolkata,Electronics,Laptop,45,Male,277,Corporate,Online,SP-003,Net Banking,6,86672,520032,6.2,32241.984,487790.016,286670.14091061504,201119.87508938496,41.2308305812854,1058.83,5,24389.5008,513238.3468,1,No,0.0,4.3
ORD-10211,2026-06-10,2026-06-17,Central,Bhopal,Furniture,Chair,40,Male,20,Consumer,Retail Store,SP-011,Net Banking,15,19369,290535,17.05,49536.2175,240998.7825,172843.01063137577,68155.77186862423,28.280546134553287,631.19,5,12049.939125,253679.911625,7,No,0.0,4.3
ORD-10212,2025-05-08,2025-05-13,East,Kolkata,Office Supplies,Pen Set,54,Male,418,Consumer,Retail Store,SP-015,Net Banking,16,6724,107584,4.44,4776.729600000001,102807.2704,66395.23548984465,36412.034910155344,35.41776254586305,773.05,12,12336.872448,115917.192848,5,Yes,102807.2704,2.2
ORD-10213,2026-05-19,2026-05-22,East,Guwahati,Home Appliances,Washing Machine,49,Female,42,Consumer,Online,SP-010,Debit Card,13,33807,439491,24.28,106708.4148,332782.5852,206602.2779474882,126180.30725251176,37.916739896914464,597.84,12,39933.910224,373314.335424,3,No,0.0,3.4
ORD-10214,2025-10-15,2025-10-25,South,Bengaluru,Accessories,Keyboard,50,Male,258,Consumer,Online,SP-008,Debit Card,13,2157,28041,7.45,2089.0545,25951.9455,15027.625338636994,10924.320161363008,42.094417011483806,1394.22,12,3114.2334600000004,30460.39896,10,No,0.0,3.5
ORD-10215,2026-05-19,2026-05-25,North,Delhi,Furniture,Bookshelf,18,Male,42,Consumer,Distributor,SP-011,Cash,3,6906,20718,11.09,2297.6262,18420.3738,13753.75870852964,4666.615091470361,25.333986932829568,655.16,12,2210.444856,21285.978656000003,6,No,0.0,3.9
ORD-10216,2025-01-30,2025-02-08,East,Bhubaneswar,Office Supplies,Printer,36,Female,516,Corporate,Retail Store,SP-013,Credit Card,1,9232,9232,22.4,2067.968,7164.032,4752.326166453439,2411.705833546561,33.66408516246941,919.57,18,1289.52576,9373.12776,9,No,0.0,3.5
ORD-10217,2026-05-18,2026-05-19,South,Chennai,Furniture,Chair,19,Male,43,Corporate,Online,SP-011,Credit Card,9,13618,122562,3.77,4620.5874,117941.4126,72350.97733224665,45590.43526775335,38.65515450656333,1502.76,12,14152.969512,133597.142112,1,No,0.0,3.7
ORD-10218,2026-04-19,2026-04-27,East,Bhubaneswar,Office Supplies,Printer,61,Female,72,Corporate,Distributor,SP-015,Net Banking,12,8630,103560,15.53,16082.868,87477.132,57505.26144423982,29971.87055576018,34.26252081030752,1754.15,12,10497.25584,99728.53784,8,No,0.0,4.0
ORD-10219,2026-02-04,2026-02-14,West,Mumbai,Office Supplies,Printer,43,Female,146,Consumer,Online,SP-003,Net Banking,4,6156,24624,6.44,1585.7856,23038.2144,12985.512141267473,10052.702258732528,43.63490192509246,1146.3,5,1151.91072,25336.42512,10,No,0.0,4.3
ORD-10220,2025-01-30,2025-02-02,West,Ahmedabad,Accessories,Mouse,49,Male,516,Consumer,Online,SP-013,UPI,23,9879,227217,11.38,25857.2946,201359.7054,117574.47690914992,83785.22849085009,41.60972937679421,349.77,12,24163.164648,225872.640048,3,No,0.0,4.4
ORD-10221,2025-10-05,2025-10-15,Central,Nagpur,Home Appliances,Washing Machine,23,Female,268,Consumer,Online,SP-004,UPI,19,41174,782306,17.48,136747.0888,645558.9112,498742.4309968512,146816.4802031488,22.74253792426757,744.74,18,116200.604016,762504.2552159999,10,Yes,645558.9112,3.0
ORD-10222,2026-02-27,2026-03-04,South,Chennai,Office Supplies,Printer,49,Female,123,Consumer,Retail Store,SP-001,UPI,21,4482,94122,11.83,11134.6326,82987.3674,53043.604933117225,29943.762466882778,36.082313977443725,1037.41,12,9958.484088,93983.261488,5,No,0.0,2.2
ORD-10223,2026-02-14,2026-02-22,Central,Nagpur,Furniture,Sofa,21,Female,136,Small Business,Online,SP-010,Net Banking,1,19755,19755,6.84,1351.2420000000002,18403.758,13925.16867523752,4478.589324762483,24.335189175832905,492.8,18,3312.67644,22209.23444,8,No,0.0,3.4
ORD-10224,2025-06-09,2025-06-19,South,Kochi,Electronics,Laptop,28,Male,386,Corporate,Retail Store,SP-012,Credit Card,15,37092,556380,21.54,119844.252,436535.748,245398.19607421965,191137.5519257804,43.78508582664354,1334.76,12,52384.28976,490254.79776,10,No,0.0,3.9
ORD-10225,2025-06-05,2025-06-09,West,Pune,Electronics,Smartphone,34,Female,390,Consumer,Online,SP-014,Cash,20,80742,1614840,17.27,278882.868,1335957.132,1082969.2483067254,252987.88369327455,18.936826461979216,138.23,5,66797.8566,1402893.2186,4,No,0.0,3.6
ORD-10226,2025-10-21,2025-10-24,South,Kochi,Furniture,Bookshelf,55,Female,252,Small Business,Online,SP-013,UPI,6,9189,55134,20.22,11148.0948,43985.9052,32224.843389353515,11761.061810646486,26.73825116743644,1239.36,12,5278.308624,50503.573824,3,No,0.0,4.1
ORD-10227,2025-11-06,2025-11-08,East,Kolkata,Home Appliances,Refrigerator,41,Male,236,Corporate,Retail Store,SP-014,UPI,14,65557,917798,9.88,90678.4424,827119.5576,484969.6355578645,342149.9220421355,41.36644078818909,215.23,5,41355.97788,868690.76548,2,No,0.0,4.3
ORD-10228,2026-05-23,2026-06-01,North,Delhi,Office Supplies,Printer,22,Male,38,Corporate,Online,SP-001,Net Banking,23,8091,186093,20.68,38484.0324,147608.9676,96490.72926916844,51118.23833083158,34.630848763440284,1215.97,5,7380.44838,156205.38598,9,No,0.0,4.6
ORD-10229,2025-11-22,2025-11-30,West,Ahmedabad,Office Supplies,Pen Set,51,Other,220,Small Business,Online,SP-003,Cash,22,1781,39182,9.36,3667.4352,35514.5648,24101.76560687295,11412.799193127052,32.13554567653622,607.03,12,4261.747776,40383.342576,8,No,0.0,4.3
ORD-10230,2026-04-21,2026-04-25,East,Guwahati,Home Appliances,Washing Machine,23,Female,70,Corporate,Retail Store,SP-013,UPI,4,45037,180148,16.24,29256.035199999995,150891.96480000002,90594.44679108103,60297.51800891898,39.960721625462575,94.96,12,18107.035776,169093.960576,4,No,0.0,3.5
ORD-10231,2025-02-11,2025-02-17,East,Guwahati,Home Appliances,Washing Machine,39,Male,504,Small Business,Online,SP-020,Credit Card,23,24183,556209,15.47,86045.5323,470163.4677,327691.29883362824,142472.16886637174,30.30268803387332,459.05,12,56419.616124,527042.133824,6,No,0.0,3.7
ORD-10232,2025-02-15,2025-02-20,South,Kochi,Electronics,Headphones,28,Female,500,Small Business,Retail Store,SP-013,Credit Card,22,73911,1626042,19.72,320655.4824,1305386.5176,836846.4399496815,468540.0776503184,35.89282341537786,1697.76,5,65269.32588,1372353.6034799998,5,No,0.0,3.1
ORD-10233,2026-06-22,2026-07-01,Central,Bhopal,Electronics,Tablet,65,Male,8,Corporate,Online,SP-014,UPI,17,87878,1493926,20.17,301324.8742,1192601.1258,758321.7333425747,434279.39245742536,36.41447111381096,1064.53,5,59630.05629000001,1253295.71209,9,Yes,1192601.1258,2.9
ORD-10234,2025-11-16,2025-11-23,West,Mumbai,Office Supplies,Stapler,33,Male,226,Consumer,Distributor,SP-007,Credit Card,13,1146,14898,17.17,2557.9866,12340.0134,8259.775921135233,4080.237478864767,33.06509763485968,1184.41,12,1480.8016080000002,15005.225008,7,No,0.0,2.7
ORD-10235,2026-05-17,2026-05-27,South,Bengaluru,Electronics,Smartphone,50,Male,44,Consumer,Retail Store,SP-003,Cash,18,21029,378522,11.01,41675.2722,336846.7278,200059.4763835821,136787.25141641786,40.6081579921519,1335.14,18,60632.411004,398814.278804,10,No,0.0,4.0
ORD-10236,2025-10-31,2025-11-10,East,Guwahati,Furniture,Bookshelf,26,Male,242,Consumer,Retail Store,SP-009,Net Banking,14,2507,35098,22.01,7725.069800000001,27372.9302,17801.097124511354,9571.833075488645,34.96824419436339,1125.2,18,4927.127436,33425.257635999995,10,No,0.0,3.8
ORD-10237,2025-01-19,2025-01-24,East,Bhubaneswar,Home Appliances,Washing Machine,23,Male,527,Small Business,Retail Store,SP-007,Credit Card,21,54593,1146453,9.49,108798.3897,1037654.6103,681133.8488929409,356520.76140705915,34.35832673686904,1105.83,12,124518.55323600002,1163278.993536,5,No,0.0,4.4
ORD-10238,2025-07-05,2025-07-06,Central,Nagpur,Accessories,Keyboard,33,Male,360,Corporate,Online,SP-011,Net Banking,2,8965,17930,15.79,2831.147,15098.853,11983.187841432642,3115.665158567357,20.635111545011775,720.63,5,754.94265,16574.42565,1,No,0.0,4.9
ORD-10239,2026-02-16,2026-02-19,East,Bhubaneswar,Home Appliances,Refrigerator,46,Female,134,Consumer,Online,SP-005,Cash,2,57248,114496,15.77,18056.0192,96439.9808,63825.7237401468,32614.25705985321,33.818191158177015,1726.41,12,11572.797696,109739.188496,3,No,0.0,3.3
ORD-10240,2025-12-15,2025-12-18,South,Bengaluru,Office Supplies,Notebook,20,Male,197,Consumer,Online,SP-008,Debit Card,7,5706,39942,7.62,3043.5804,36898.4196,26251.84044067189,10646.579159328106,28.853753832123765,723.93,12,4427.810352,42050.159952,3,No,0.0,4.3
ORD-10241,2026-03-04,2026-03-05,West,Ahmedabad,Home Appliances,Air Conditioner,37,Male,118,Consumer,Online,SP-017,Credit Card,23,22400,515200,4.25,21896.0,493304.0,277186.42375955114,216117.5762404489,43.81022173759971,374.23,5,24665.2,518343.43,1,No,0.0,3.3
ORD-10242,2026-03-20,2026-03-29,South,Kochi,Electronics,Laptop,53,Female,102,Corporate,Retail Store,SP-015,Credit Card,14,76472,1070608,23.35,249986.968,820621.032,471535.3875115224,349085.6444884776,42.53920273499371,550.33,18,147711.78576,968883.14776,9,Yes,820621.032,4.3
ORD-10243,2025-03-07,2025-03-17,West,Surat,Electronics,Tablet,36,Male,480,Consumer,Online,SP-015,Cash,3,87823,263469,5.9,15544.671,247924.329,139770.61723904457,108153.71176095544,43.623678320394056,1130.68,12,29750.91948,278805.92848,10,No,0.0,4.6
ORD-10244,2025-03-17,2025-03-24,South,Hyderabad,Electronics,Headphones,43,Female,470,Corporate,Distributor,SP-001,UPI,21,47449,996429,19.01,189421.1529,807007.8471,577264.3797311113,229743.46736888867,28.468554326265444,79.18,18,145261.412478,952348.439578,7,No,0.0,4.1
ORD-10245,2026-06-12,2026-06-15,West,Ahmedabad,Home Appliances,Refrigerator,20,Male,18,Consumer,Distributor,SP-011,UPI,3,22575,67725,17.54,11878.965,55846.035,40042.99085114706,15803.04414885294,28.297522194463653,1044.97,12,6701.524200000001,63592.5292,3,No,0.0,3.7
ORD-10246,2026-03-08,2026-03-12,Central,Indore,Furniture,Sofa,36,Male,114,Consumer,Retail Store,SP-009,Cash,7,23292,163044,19.07,31092.4908,131951.5092,73471.09587987079,58480.41332012921,44.31962443983112,670.96,12,15834.181104,148456.65030399998,4,No,0.0,3.3
ORD-10247,2025-11-27,2025-12-06,Central,Kanpur,Accessories,Mouse,37,Male,215,Consumer,Online,SP-002,UPI,17,8719,148223,13.82,20484.4186,127738.5814,80195.53605242548,47543.04534757452,37.219017799092704,61.31,12,15328.629768,143128.521168,9,No,0.0,3.9
ORD-10248,2025-01-25,2025-01-31,Central,Indore,Electronics,Tablet,49,Male,521,Consumer,Retail Store,SP-001,Debit Card,20,80572,1611440,4.8,77349.12,1534090.88,1087341.037229866,446749.84277013387,29.121471784652936,603.14,5,76704.544,1611398.5639999998,6,No,0.0,3.7
ORD-10249,2025-10-01,2025-10-09,East,Kolkata,Furniture,Bookshelf,24,Male,272,Consumer,Online,SP-009,Debit Card,2,7753,15506,3.88,601.6328,14904.3672,8550.677552657975,6353.689647342026,42.62971759942968,350.7,12,1788.5240640000002,17043.591264000002,8,No,0.0,5.0
ORD-10250,2025-01-08,2025-01-11,West,Mumbai,Office Supplies,Printer,58,Male,538,Small Business,Online,SP-014,Credit Card,20,822,16440,23.43,3851.892,12588.108,10311.8802729671,2276.2277270329014,18.082365729884916,1310.28,18,2265.85944,16164.24744,3,Yes,12588.108,3.6
ORD-10251,2026-05-02,2026-05-07,Central,Indore,Office Supplies,Printer,50,Male,59,Consumer,Distributor,SP-018,Net Banking,24,7875,189000,19.48,36817.2,152182.8,96544.991530354,55637.80846964599,36.55985332747589,768.69,18,27392.904,180344.394,5,No,0.0,4.8
ORD-10252,2026-01-02,2026-01-10,West,Ahmedabad,Electronics,Laptop,57,Male,179,Corporate,Retail Store,SP-015,Credit Card,7,8731,61117,9.21,5628.8757000000005,55488.1243,40047.91412938842,15440.21017061158,27.8261526504899,746.99,18,9987.862374,66222.976674,8,No,0.0,3.6
ORD-10253,2025-09-30,2025-10-07,West,Ahmedabad,Office Supplies,Pen Set,56,Male,273,Consumer,Retail Store,SP-018,Cash,4,1367,5468,4.51,246.6068,5221.3932,3222.151775348314,1999.2414246516864,38.2894248349595,604.65,18,939.850776,6765.893976,7,No,0.0,3.7
ORD-10254,2025-07-03,2025-07-10,North,Lucknow,Electronics,Smartphone,35,Male,362,Corporate,Retail Store,SP-008,UPI,19,80573,1530887,2.12,32454.8044,1498432.1956,1004340.018575956,494092.1770240439,32.97394293014374,197.45,12,179811.863472,1678441.509072,7,No,0.0,4.4
ORD-10255,2025-05-03,2025-05-13,West,Surat,Office Supplies,Pen Set,57,Male,423,Consumer,Retail Store,SP-009,UPI,8,6580,52640,24.07,12670.448,39969.552,24332.75893430334,15636.793065696656,39.12176214958991,204.27,18,7194.51936,47368.34135999999,10,No,0.0,4.5
ORD-10256,2026-05-13,2026-05-19,North,Lucknow,Accessories,USB Hub,18,Female,48,Small Business,Retail Store,SP-018,Net Banking,3,3439,10317,18.68,1927.2156,8389.7844,4869.426049712347,3520.3583502876536,41.96005740371175,763.61,12,1006.774128,10160.168528000002,6,No,0.0,3.5
ORD-10257,2026-04-22,2026-04-29,East,Bhubaneswar,Accessories,Keyboard,28,Female,69,Consumer,Distributor,SP-008,UPI,20,4674,93480,10.22,9553.656,83926.344,53956.64410153018,29969.69989846981,35.70952631806506,960.95,12,10071.16128,94958.45528,7,No,0.0,3.4
ORD-10258,2026-05-18,2026-05-20,South,Bengaluru,Accessories,Mouse,45,Male,43,Small Business,Retail Store,SP-007,Debit Card,20,8451,169020,21.62,36542.124,132477.876,96954.93721563696,35522.938784363025,26.81424239045245,290.38,12,15897.345119999998,148665.60112,2,No,0.0,4.1
ORD-10259,2025-10-05,2025-10-07,North,Lucknow,Electronics,Laptop,42,Female,268,Consumer,Online,SP-001,Credit Card,19,71080,1350520,7.05,95211.66,1255308.34,690496.5378015962,564811.8021984039,44.99386996810711,1651.25,12,150637.0008,1407596.5908,2,No,0.0,4.3
ORD-10260,2025-01-13,2025-01-21,West,Surat,Accessories,Mouse,40,Female,533,Consumer,Retail Store,SP-013,Credit Card,1,2865,2865,7.35,210.5775,2654.4225,1498.5123932560327,1155.9101067439674,43.5465758274716,382.28,5,132.721125,3169.4236250000004,8,No,0.0,4.2
ORD-10261,2026-04-15,2026-04-25,Central,Indore,Accessories,Mouse,48,Male,76,Small Business,Retail Store,SP-014,Credit Card,22,4279,94138,24.74,23289.7412,70848.25880000001,48210.3031564627,22637.95564353731,31.952733951363253,1777.07,12,8501.791056000002,81127.11985600002,10,No,0.0,4.3
ORD-10262,2025-10-13,2025-10-19,East,Patna,Home Appliances,Microwave,47,Female,260,Consumer,Distributor,SP-019,Credit Card,20,57592,1151840,14.36,165404.224,986435.776,591790.9160251414,394644.8599748587,40.00715196838711,799.27,5,49321.78880000001,1036556.8348,6,No,0.0,3.7
ORD-10263,2025-04-24,2025-04-25,South,Chennai,Electronics,Headphones,59,Female,432,Consumer,Retail Store,SP-019,Credit Card,17,35094,596598,18.51,110430.2898,486167.7102,304620.1145850172,181547.5956149828,37.34258606773733,620.99,12,58340.12522399999,545128.8254239999,1,No,0.0,3.6
ORD-10264,2026-03-28,2026-04-04,East,Kolkata,Accessories,USB Hub,52,Male,94,Consumer,Distributor,SP-002,Debit Card,8,1034,8272,24.56,2031.6032,6240.3968,4453.147610542796,1787.249189457205,28.63999272381533,931.49,12,748.847616,7920.734416,7,No,0.0,4.2
ORD-10265,2026-01-26,2026-02-05,South,Bengaluru,Electronics,Laptop,24,Male,155,Small Business,Retail Store,SP-005,Cash,9,16320,146880,7.07,10384.416,136495.584,81925.96083540395,54569.62316459605,39.97903929594971,1713.93,5,6824.779200000001,145034.2932,10,No,0.0,4.6
ORD-10266,2025-11-10,2025-11-12,South,Hyderabad,Furniture,Chair,33,Female,232,Consumer,Retail Store,SP-009,Credit Card,16,5225,83600,5.36,4480.96,79119.04,63554.53022888527,15564.509771114725,19.672268231660453,1655.88,18,14241.4272,95016.3472,2,No,0.0,4.4
ORD-10267,2025-02-01,2025-02-02,Central,Bhopal,Home Appliances,Washing Machine,43,Female,514,Small Business,Retail Store,SP-004,Debit Card,2,16360,32720,8.9,2912.08,29807.92,21567.65969027253,8240.260309727466,27.644533096329653,1101.65,5,1490.3959999999995,32399.966,1,No,0.0,2.7
ORD-10268,2025-04-30,2025-05-01,Central,Indore,Electronics,Headphones,65,Male,426,Consumer,Online,SP-005,Credit Card,1,80394,80394,7.54,6061.7076,74332.2924,48645.87345503225,25686.41894496776,34.55620446459923,191.02,12,8919.875088,83443.18748800001,1,No,0.0,2.6
ORD-10269,2025-10-01,2025-10-11,South,Kochi,Electronics,Tablet,19,Male,272,Consumer,Online,SP-009,Credit Card,17,37968,645456,19.06,123023.9136,522432.0864,364450.118423692,157981.96797630802,30.23971384777258,1597.84,12,62691.85036800001,586721.776768,10,No,0.0,3.9
ORD-10270,2025-06-03,2025-06-13,Central,Indore,Home Appliances,Microwave,18,Male,392,Consumer,Retail Store,SP-017,Debit Card,15,61398,920970,12.7,116963.19,804006.81,491476.6641939184,312530.1458060817,38.87157943426893,1351.83,12,96480.8172,901839.4572,10,No,0.0,4.5
ORD-10271,2025-02-15,2025-02-19,Central,Indore,Furniture,Chair,65,Male,500,Small Business,Retail Store,SP-017,Credit Card,1,29454,29454,21.51,6335.5554,23118.4446,14982.577185310098,8135.867414689901,35.19210550475312,1439.39,5,1155.92223,25713.75683,4,No,0.0,3.9
ORD-10272,2026-03-12,2026-03-16,South,Chennai,Furniture,Bookshelf,29,Female,110,Corporate,Online,SP-011,Debit Card,16,15647,250352,6.69,16748.5488,233603.4512,146893.59170469103,86709.85949530898,37.11839831555921,1360.07,5,11680.17256,246643.69376,4,No,0.0,4.8
ORD-10273,2025-12-03,2025-12-05,West,Pune,Electronics,Tablet,22,Male,209,Small Business,Retail Store,SP-012,Debit Card,14,34327,480578,3.24,15570.7272,465007.2728,258526.92128656572,206480.35151343423,44.40368217686815,676.43,5,23250.36364,488934.06644,2,No,0.0,4.5
ORD-10274,2025-03-25,2025-03-30,West,Pune,Office Supplies,Notebook,54,Male,462,Small Business,Retail Store,SP-016,UPI,13,723,9399,15.74,1479.4026,7919.5974,5197.485977592957,2722.1114224070425,34.37184095250906,878.51,18,1425.527532,10223.634932,5,No,0.0,5.0
ORD-10275,2026-06-10,2026-06-17,Central,Indore,Office Supplies,Notebook,49,Female,20,Corporate,Retail Store,SP-014,Debit Card,9,4700,42300,21.24,8984.519999999999,33315.48,24659.136665657585,8656.343334342419,25.982946469156133,1675.04,5,1665.7740000000003,36656.294,7,No,0.0,4.1
ORD-10276,2025-11-26,2025-11-28,North,Jaipur,Furniture,Chair,26,Male,216,Consumer,Online,SP-019,UPI,19,32825,623675,24.31,151615.3925,472059.6075,352373.80682716926,119685.80067283078,25.35395928210841,1664.56,5,23602.980375,497327.147875,2,No,0.0,4.6
ORD-10277,2025-08-24,2025-08-26,North,Lucknow,Home Appliances,Refrigerator,58,Male,310,Consumer,Online,SP-009,Credit Card,21,14327,300867,19.81,59601.7527,241265.2473,157811.46855192343,83453.77874807655,34.590053761164526,936.7,12,28951.829676,271153.776976,2,Yes,241265.2473,2.6
ORD-10278,2026-03-19,2026-03-21,South,Chennai,Accessories,USB Hub,52,Female,103,Consumer,Distributor,SP-020,Net Banking,6,8584,51504,13.91,7164.2064,44339.7936,31739.767132367317,12600.026467632684,28.416971403386697,464.07,5,2216.98968,47020.85328,2,Yes,44339.7936,3.4
ORD-10279,2025-08-20,2025-08-21,South,Hyderabad,Furniture,Desk,36,Female,314,Small Business,Online,SP-002,Net Banking,10,21222,212220,11.77,24978.294,187241.706,122339.69559795776,64902.01040204226,34.662155023327045,1308.38,18,33703.50708,222253.59308,1,No,0.0,3.8
ORD-10280,2026-06-09,2026-06-17,East,Patna,Furniture,Chair,65,Female,21,Corporate,Online,SP-010,UPI,24,34427,826248,19.63,162192.48239999998,664055.5176,538478.6749923821,125576.84260761796,18.91059396079897,1747.63,5,33202.77588,699005.92348,8,No,0.0,3.1
ORD-10281,2025-09-16,2025-09-26,South,Bengaluru,Office Supplies,Notebook,33,Female,287,Corporate,Online,SP-002,UPI,1,2127,2127,14.59,310.3293,1816.6707,1079.9050079982503,736.7656920017496,40.555819610111485,161.79,18,327.00072600000004,2305.4614260000003,10,No,0.0,4.3
ORD-10282,2026-04-04,2026-04-14,West,Surat,Furniture,Chair,20,Male,87,Small Business,Retail Store,SP-009,Cash,5,15515,77575,19.63,15227.9725,62347.0275,41132.35813020347,21214.669369796524,34.0267535125015,1589.72,5,3117.351375,67054.098875,10,No,0.0,3.8
ORD-10283,2026-02-25,2026-03-04,South,Hyderabad,Furniture,Bookshelf,37,Male,125,Small Business,Retail Store,SP-007,Cash,3,23646,70938,10.58,7505.240400000001,63432.7596,38468.1627377993,24964.5968622007,39.3559999905801,1267.64,5,3171.63798,67872.03758,7,No,0.0,3.3
ORD-10284,2025-10-11,2025-10-19,East,Guwahati,Accessories,Webcam,41,Female,262,Consumer,Retail Store,SP-002,Debit Card,21,4952,103992,8.94,9296.8848,94695.1152,53038.46768502147,41656.64751497853,43.99028125896248,934.39,5,4734.75576,100364.26096,8,No,0.0,4.0
ORD-10285,2025-08-09,2025-08-12,Central,Indore,Furniture,Chair,50,Male,325,Corporate,Online,SP-002,Net Banking,10,13831,138310,24.94,34494.514,103815.486,58008.12686322678,45807.35913677322,44.12382092665175,462.28,18,18686.787480000003,122964.55348,3,No,0.0,3.4
ORD-10286,2026-05-28,2026-06-04,Central,Indore,Electronics,Laptop,41,Male,33,Small Business,Retail Store,SP-017,UPI,23,16417,377591,19.07,72006.6037,305584.3963,186910.52430110093,118673.87199889908,38.83505618604751,152.3,5,15279.219815000002,321015.916115,7,No,0.0,3.0
ORD-10287,2026-04-17,2026-04-25,East,Guwahati,Office Supplies,Notebook,28,Male,74,Small Business,Online,SP-008,UPI,17,9310,158270,8.49,13437.123,144832.877,102546.04270759104,42286.83429240898,29.1969856349736,498.72,5,7241.64385,152573.24085,8,No,0.0,4.0
ORD-10288,2025-04-24,2025-05-03,East,Bhubaneswar,Electronics,Tablet,25,Male,432,Consumer,Retail Store,SP-017,Net Banking,13,80590,1047670,10.88,113986.496,933683.504,757227.2727607026,176456.2312392973,18.89893421950157,1270.04,12,112042.02048,1046995.56448,9,No,0.0,3.8
ORD-10289,2025-12-31,2026-01-07,Central,Nagpur,Home Appliances,Air Conditioner,53,Male,181,Small Business,Online,SP-002,Cash,22,31660,696520,16.97,118199.444,578320.556,414116.525853132,164204.03014686797,28.393254993839083,357.43,18,104097.70008,682775.68608,7,Yes,578320.556,2.7
ORD-10290,2025-03-26,2025-03-31,South,Kochi,Furniture,Chair,55,Male,461,Consumer,Distributor,SP-017,Cash,10,3381,33810,14.0,4733.4,29076.6,16970.697327140155,12105.902672859844,41.63451941719405,1732.48,12,3489.192,34298.272,5,Yes,29076.6,2.4
ORD-10291,2025-04-05,2025-04-11,South,Bengaluru,Home Appliances,Refrigerator,57,Male,451,Small Business,Online,SP-016,Net Banking,19,44520,845880,11.96,101167.248,744712.752,517274.84701745777,227437.9049825422,30.540353226359446,884.72,12,89365.53024000001,834963.00224,6,No,0.0,4.1
ORD-10292,2025-06-02,2025-06-08,West,Pune,Electronics,Tablet,37,Male,393,Consumer,Online,SP-020,Net Banking,15,87557,1313355,15.52,203832.696,1109522.304,856062.788238291,253459.51576170896,22.844021688248,736.47,18,199714.01472,1309972.7887199998,6,Yes,1109522.304,3.8
ORD-10293,2025-04-28,2025-05-08,West,Mumbai,Furniture,Chair,52,Female,428,Consumer,Retail Store,SP-015,Debit Card,6,33692,202152,2.14,4326.0528,197825.9472,152105.3171590082,45720.63004099179,23.111543600885025,1709.65,18,35608.670496,235144.267696,10,No,0.0,3.9
ORD-10294,2025-07-15,2025-07-18,West,Ahmedabad,Electronics,Laptop,65,Female,350,Small Business,Online,SP-005,Debit Card,7,79206,554442,24.48,135727.4016,418714.5984,326763.04716318776,91951.55123681226,21.960435960002165,922.08,5,20935.72992,440572.4083200001,3,No,0.0,4.1
ORD-10295,2025-03-17,2025-03-21,South,Bengaluru,Office Supplies,Stapler,42,Female,470,Consumer,Distributor,SP-015,UPI,11,9703,106733,9.72,10374.4476,96358.5524,66366.37114702803,29992.181252971972,31.125603805741665,1444.13,5,4817.92762,102620.61002,4,No,0.0,4.1
ORD-10296,2026-05-26,2026-06-04,East,Guwahati,Home Appliances,Microwave,52,Female,35,Consumer,Distributor,SP-014,UPI,18,34777,625986,18.51,115870.00860000002,510115.9914,331805.84609839966,178310.14530160034,34.9548236690704,211.79,12,61213.918968000005,571541.7003680001,9,No,0.0,3.1
ORD-10297,2025-11-07,2025-11-11,East,Bhubaneswar,Accessories,Mouse,42,Female,235,Consumer,Distributor,SP-012,Debit Card,20,6878,137560,5.98,8226.088,129333.912,80449.37374221465,48884.53825778535,37.79715428215405,259.18,5,6466.695599999999,136059.78759999998,4,No,0.0,4.4
ORD-10298,2025-04-29,2025-05-01,Central,Nagpur,Furniture,Desk,46,Male,427,Consumer,Distributor,SP-006,Cash,18,24990,449820,2.06,9266.292,440553.708,343405.25110537006,97148.45689462993,22.05144460947993,716.56,18,79299.66744,520569.93544,2,Yes,440553.708,2.4
ORD-10299,2026-06-03,2026-06-11,South,Hyderabad,Furniture,Bookshelf,35,Female,27,Corporate,Distributor,SP-020,UPI,5,32111,160555,17.57,28209.5135,132345.4865,77043.03933569255,55302.44716430745,41.78642477868518,170.62,5,6617.274325,139133.380825,8,No,0.0,4.3
ORD-10300,2026-04-24,2026-05-02,Central,Nagpur,Furniture,Chair,63,Female,67,Consumer,Online,SP-008,Cash,24,5587,134088,12.22,16385.5536,117702.4464,74374.57437820987,43327.87202179013,36.81136063607776,1304.06,18,21186.440352,140192.946752,8,No,0.0,3.8
ORD-10301,2026-01-31,2026-02-08,West,Pune,Accessories,Webcam,35,Female,150,Corporate,Online,SP-013,Debit Card,17,3081,52377,8.99,4708.692300000001,47668.3077,36663.5685257912,11004.7391742088,23.08607060998895,564.35,12,5720.196924,53952.85462399999,8,No,0.0,4.2
ORD-10302,2025-03-11,2025-03-20,North,Delhi,Accessories,Webcam,19,Male,476,Consumer,Online,SP-020,Credit Card,11,8246,90706,3.18,2884.4508,87821.5492,53823.35184652042,33998.197353479576,38.71281896434546,911.0,12,10538.585904,99271.135104,9,No,0.0,3.5
ORD-10303,2026-01-04,2026-01-12,South,Chennai,Electronics,Tablet,52,Male,177,Consumer,Distributor,SP-015,Cash,11,51333,564663,8.94,50480.8722,514182.1278,407710.7591329909,106471.36866700913,20.706936882960463,1149.71,18,92552.783004,607884.620804,8,No,0.0,3.7
ORD-10304,2026-05-29,2026-06-07,South,Chennai,Accessories,Keyboard,33,Male,32,Consumer,Online,SP-005,Net Banking,10,8773,87730,7.07,6202.511,81527.489,47112.16738564687,34415.32161435313,42.21315048026701,1073.81,12,9783.29868,92384.59768,9,No,0.0,5.0
ORD-10305,2025-08-12,2025-08-22,Central,Indore,Accessories,USB Hub,58,Male,322,Corporate,Online,SP-019,Net Banking,13,3758,48854,10.86,5305.5444,43548.4556,35039.320433995286,8509.135166004715,19.53946483007933,1118.16,18,7838.722008,52505.337608,10,No,0.0,4.6
ORD-10306,2025-12-04,2025-12-05,East,Guwahati,Accessories,USB Hub,53,Female,208,Corporate,Distributor,SP-003,Net Banking,11,7378,81158,10.0,8115.8,73042.2,40600.09064367503,32442.109356324967,44.415569843631445,210.61,18,13147.595999999998,86400.406,1,No,0.0,4.2
ORD-10307,2026-02-19,2026-03-01,North,Delhi,Office Supplies,Notebook,50,Female,131,Corporate,Online,SP-015,Credit Card,2,11972,23944,3.27,782.9688000000001,23161.0312,15408.144129762377,7752.887070237624,33.47384234877083,870.79,5,1158.05156,25189.87276,10,No,0.0,4.5
ORD-10308,2026-06-09,2026-06-17,East,Bhubaneswar,Accessories,Mouse,21,Male,21,Small Business,Retail Store,SP-011,Cash,6,4866,29196,17.08,4986.676799999999,24209.3232,13575.262369887098,10634.0608301129,43.925477561937385,1095.94,18,4357.678175999999,29662.941376,8,No,0.0,4.0
ORD-10309,2025-10-29,2025-10-31,South,Chennai,Office Supplies,Notebook,50,Other,244,Consumer,Retail Store,SP-010,Cash,6,3023,18138,4.34,787.1892,17350.8108,13811.289387626308,3539.5214123736914,20.39974646241714,1485.89,12,2082.097296,20918.798096,2,No,0.0,3.5
ORD-10310,2025-03-14,2025-03-23,West,Surat,Accessories,Mouse,31,Female,473,Consumer,Distributor,SP-013,Debit Card,9,5007,45063,4.52,2036.8476,43026.1524,26020.94229837145,17005.21010162855,39.52296255434764,1797.06,5,2151.30762,46974.52002,9,No,0.0,4.2
ORD-10311,2026-03-02,2026-03-06,Central,Indore,Electronics,Headphones,38,Male,120,Small Business,Retail Store,SP-006,Cash,5,80233,401165,9.03,36225.1995,364939.8005,275527.5511523188,89412.24934768124,24.50054754926113,1134.56,18,65689.16409,431763.52459,4,No,0.0,4.7
ORD-10312,2026-04-23,2026-05-02,South,Chennai,Furniture,Desk,65,Male,68,Small Business,Online,SP-014,UPI,5,33846,169230,16.73,28312.179,140917.821,89457.98058872763,51459.840411272366,36.51762427640175,1726.45,5,7045.89105,149690.16205,9,No,0.0,3.0
ORD-10313,2025-04-25,2025-04-29,West,Mumbai,Furniture,Chair,37,Male,431,Consumer,Online,SP-018,Debit Card,3,30647,91941,7.83,7198.9803,84742.0197,67087.77159556535,17654.24810443465,20.83293290263018,1054.38,12,10169.042364,95965.442064,4,No,0.0,4.2
ORD-10314,2025-01-28,2025-01-29,North,Jaipur,Furniture,Sofa,25,Male,518,Small Business,Online,SP-003,Net Banking,12,24372,292464,22.86,66857.2704,225606.7296,134362.87368809254,91243.85591190748,40.44376516324781,1744.57,12,27072.80755200001,254424.10715200004,1,No,0.0,4.1
ORD-10315,2026-04-11,2026-04-13,North,Lucknow,Electronics,Tablet,24,Male,80,Consumer,Retail Store,SP-004,Net Banking,19,52565,998735,21.32,212930.302,785804.698,547819.9852035888,237984.71279641116,30.28547849129952,201.87,5,39290.2349,825296.8029,2,No,0.0,3.3
ORD-10316,2026-05-10,2026-05-13,Central,Bhopal,Furniture,Chair,20,Male,51,Consumer,Retail Store,SP-019,Credit Card,19,8093,153767,17.91,27539.6697,126227.3303,92405.8866295821,33821.443670417895,26.794073510099334,1764.92,18,22720.919454000003,150713.169754,3,No,0.0,3.7
ORD-10317,2025-12-28,2026-01-06,East,Patna,Accessories,Mouse,34,Male,184,Consumer,Retail Store,SP-018,Credit Card,7,9197,64379,23.53,15148.3787,49230.6213,39581.55402292777,9649.06727707223,19.599726800669547,355.87,5,2461.531065,52048.022365,9,No,0.0,4.8
ORD-10318,2025-09-12,2025-09-16,South,Bengaluru,Accessories,USB Hub,50,Male,291,Corporate,Online,SP-006,Cash,12,4657,55884,6.0,3353.04,52530.96,29547.249315025467,22983.71068497453,43.75269495355602,1064.29,12,6303.715200000001,59898.9652,4,No,0.0,4.1
ORD-10319,2025-07-23,2025-07-26,West,Ahmedabad,Electronics,Tablet,65,Female,342,Consumer,Online,SP-002,UPI,2,30763,61526,3.42,2104.1892,59421.8108,44463.82633238016,14957.98446761984,25.17254904594702,963.03,12,7130.617295999999,67515.458096,3,No,0.0,3.8
ORD-10320,2025-02-27,2025-03-09,West,Mumbai,Office Supplies,Printer,29,Male,488,Small Business,Online,SP-011,Credit Card,23,1668,38364,17.13,6571.753199999999,31792.2468,23730.331057352018,8061.915742647983,25.358118894094588,1426.38,12,3815.069616,37033.696416,10,No,0.0,3.9
ORD-10321,2025-04-10,2025-04-18,South,Bengaluru,Office Supplies,Printer,39,Female,446,Consumer,Retail Store,SP-018,UPI,24,10627,255048,18.44,47030.851200000005,208017.1488,128383.02691457023,79634.12188542976,38.28247927866501,1642.88,12,24962.057856,234622.086656,8,Yes,208017.1488,1.9
ORD-10322,2025-03-24,2025-03-26,Central,Nagpur,Furniture,Chair,39,Male,463,Small Business,Online,SP-007,Net Banking,8,23252,186016,17.87,33241.0592,152774.94079999998,123027.15620414408,29747.78459585589,19.4716387648935,1156.21,18,27499.489344,181430.640144,2,Yes,152774.94079999998,3.4
ORD-10323,2025-01-18,2025-01-20,North,Delhi,Office Supplies,Printer,63,Other,528,Corporate,Online,SP-001,Debit Card,23,10545,242535,11.56,28037.046,214497.954,132933.20136260145,81564.75263739855,38.025888413555,1567.27,5,10724.8977,226790.1217,2,Yes,214497.954,3.0
ORD-10324,2025-03-11,2025-03-17,North,Delhi,Furniture,Chair,47,Male,476,Small Business,Distributor,SP-007,Net Banking,10,23137,231370,16.23,37551.351,193818.649,110874.64360279927,82944.00539720072,42.794646348608445,431.02,12,23258.23788,217507.90688,6,No,0.0,4.4
ORD-10325,2025-02-20,2025-03-02,East,Bhubaneswar,Office Supplies,Pen Set,55,Male,495,Consumer,Online,SP-006,Credit Card,13,1724,22412,3.17,710.4603999999999,21701.5396,14679.814614152425,7021.724985847575,32.3558840306776,1542.97,12,2604.184752,25848.694352,10,No,0.0,3.5
ORD-10326,2025-10-24,2025-10-26,East,Patna,Furniture,Sofa,55,Female,249,Consumer,Distributor,SP-016,UPI,3,34888,104664,24.38,25517.0832,79146.9168,43634.84049302782,35512.07630697219,44.86855299330142,772.19,5,3957.34584,83876.45264,2,Yes,79146.9168,2.8
ORD-10327,2026-06-27,2026-06-30,West,Ahmedabad,Furniture,Desk,62,Female,3,Small Business,Retail Store,SP-018,Credit Card,15,4024,60360,9.86,5951.496,54408.504,34897.443483877054,19511.060516122947,35.86031425551224,62.41,12,6529.020479999999,60999.93448,3,No,0.0,4.3
ORD-10328,2025-09-05,2025-09-11,Central,Kanpur,Electronics,Laptop,25,Female,298,Small Business,Online,SP-005,Credit Card,23,76607,1761961,22.88,403136.6768,1358824.3232,779425.080653767,579399.242546233,42.63974618748074,1688.86,18,244588.378176,1605101.561376,6,No,0.0,3.5
ORD-10329,2025-01-02,2025-01-09,Central,Indore,Accessories,Webcam,44,Male,544,Corporate,Online,SP-020,Cash,1,8722,8722,13.56,1182.7032000000002,7539.2968,4671.349743430801,2867.947056569199,38.03998081849224,1277.39,18,1357.073424,10173.760224,7,No,0.0,4.3
ORD-10330,2025-07-24,2025-08-02,West,Pune,Electronics,Smartphone,44,Male,341,Corporate,Online,SP-003,Net Banking,9,18976,170784,5.62,9598.0608,161185.9392,130533.4147382132,30652.5244617868,19.016872448007422,957.14,5,8059.29696,170202.37616,9,No,0.0,4.0
ORD-10331,2025-09-13,2025-09-21,Central,Nagpur,Accessories,USB Hub,51,Female,290,Corporate,Distributor,SP-018,Cash,24,7527,180648,11.61,20973.2328,159674.7672,124608.09588295956,35066.671317040455,21.96131043868555,1548.27,12,19160.972064,180384.009264,8,Yes,159674.7672,2.2
ORD-10332,2026-06-12,2026-06-15,West,Ahmedabad,Furniture,Sofa,38,Female,18,Consumer,Retail Store,SP-018,Cash,22,30840,678480,10.86,73682.928,604797.072,400876.8443492968,203920.2276507032,33.717132091324544,127.89,18,108863.47296,713788.4349600001,3,No,0.0,4.0
ORD-10333,2026-05-03,2026-05-05,Central,Bhopal,Electronics,Laptop,47,Female,58,Small Business,Distributor,SP-019,UPI,11,67789,745679,20.33,151596.54069999998,594082.4593,381437.16134643287,212645.29795356712,35.79390278651291,1459.57,12,71289.895116,666831.9244159999,2,No,0.0,4.2
ORD-10334,2025-09-29,2025-10-02,East,Guwahati,Accessories,Mouse,50,Female,274,Consumer,Online,SP-008,Net Banking,10,7885,78850,5.92,4667.92,74182.08,49760.20043788239,24421.87956211761,32.92153517684812,418.3,18,13352.7744,87953.1544,3,No,0.0,4.3
ORD-10335,2025-04-13,2025-04-14,East,Kolkata,Accessories,Mouse,45,Male,443,Consumer,Online,SP-014,Debit Card,9,9781,88029,3.76,3309.8904,84719.1096,61784.70785374809,22934.401746251904,27.07110810599443,465.73,12,10166.293152,95351.132752,1,No,0.0,3.4
ORD-10336,2025-02-06,2025-02-16,South,Hyderabad,Office Supplies,Pen Set,64,Female,509,Consumer,Online,SP-003,Net Banking,14,695,9730,24.46,2379.958,7350.041999999999,4789.214005837017,2560.8279941629826,34.8409981080786,1665.75,12,882.0050399999999,9897.79704,10,No,0.0,5.0
ORD-10337,2026-06-25,2026-06-27,South,Chennai,Office Supplies,Notebook,50,Male,5,Consumer,Online,SP-020,Net Banking,11,10539,115929,5.48,6352.9092,109576.0908,68689.10709872273,40886.98370127728,37.31378205114548,707.95,18,19723.696344,130007.737144,2,No,0.0,4.7
ORD-10338,2026-04-28,2026-05-01,South,Chennai,Office Supplies,Notebook,22,Male,63,Consumer,Online,SP-014,Net Banking,2,9828,19656,5.87,1153.8072,18502.1928,12735.250843502326,5766.941956497674,31.16896477534097,902.91,18,3330.394704,22735.497504,3,Yes,18502.1928,1.8
ORD-10339,2026-06-05,2026-06-14,East,Patna,Electronics,Laptop,65,Male,25,Corporate,Distributor,SP-017,UPI,16,54228,867648,7.73,67069.1904,800578.8096,520794.86220093496,279783.9473990651,34.947708338527704,495.66,12,96069.457152,897143.926752,9,No,0.0,4.2
ORD-10340,2026-02-20,2026-02-26,South,Chennai,Office Supplies,Stapler,36,Female,130,Consumer,Online,SP-006,UPI,2,3172,6344,4.68,296.8992,6047.1008,4909.831981987692,1137.2688180123089,18.80684406670232,88.47,5,302.35504000000003,6437.925840000001,6,No,0.0,3.8
ORD-10341,2026-04-15,2026-04-25,South,Kochi,Accessories,USB Hub,21,Male,76,Corporate,Retail Store,SP-008,Debit Card,15,3595,53925,7.6,4098.3,49826.7,38734.89327992576,11091.806720074235,22.26076926642591,416.29,18,8968.806,59211.796,10,No,0.0,3.4
ORD-10342,2025-07-09,2025-07-16,Central,Kanpur,Home Appliances,Air Conditioner,52,Male,356,Small Business,Online,SP-014,Cash,2,35782,71564,2.35,1681.754,69882.246,53163.24261661156,16719.003383388437,23.92453640283462,682.81,18,12578.80428,83143.86028,7,No,0.0,3.0
ORD-10343,2026-03-31,2026-04-02,South,Chennai,Home Appliances,Microwave,34,Female,91,Corporate,Online,SP-018,Credit Card,7,47578,333046,10.15,33804.169,299241.831,198475.1371205968,100766.69387940325,33.67399990257486,733.71,18,53863.52958,353839.07058,2,No,0.0,4.7
ORD-10344,2026-01-29,2026-02-01,Central,Bhopal,Electronics,Tablet,61,Male,152,Consumer,Retail Store,SP-003,Cash,7,66703,466921,14.65,68403.9265,398517.0735,285851.235679948,112665.837820052,28.271269993668664,1211.11,18,71733.07323,471461.25673,3,No,0.0,4.6
ORD-10345,2025-08-24,2025-08-31,North,Jaipur,Office Supplies,Stapler,45,Female,310,Consumer,Distributor,SP-006,Net Banking,11,11684,128524,17.43,22401.7332,106122.2668,77404.98949424468,28717.277305755317,27.060557761997707,842.32,12,12734.672016,119699.258816,7,No,0.0,5.0
ORD-10346,2026-03-13,2026-03-19,Central,Indore,Office Supplies,Printer,47,Male,109,Corporate,Online,SP-003,Net Banking,8,11333,90664,8.97,8132.560800000001,82531.4392,61984.50977355412,20546.929426445877,24.895881648996948,1737.76,18,14855.659056,99124.858256,6,No,0.0,5.0
ORD-10347,2025-09-30,2025-10-01,South,Chennai,Office Supplies,Stapler,46,Male,273,Consumer,Online,SP-009,Credit Card,17,3069,52173,2.31,1205.1963,50967.8037,33025.79994211257,17942.003757887425,35.2026229411322,1101.91,18,9174.204666,61243.918366,1,No,0.0,3.3
ORD-10348,2026-01-04,2026-01-13,West,Mumbai,Accessories,Keyboard,63,Female,177,Corporate,Retail Store,SP-012,Debit Card,10,564,5640,3.76,212.064,5427.936,3610.122316293208,1817.813683706792,33.4899616301075,824.09,5,271.3968,6523.4228,9,No,0.0,4.7
ORD-10349,2025-06-29,2025-07-05,North,Delhi,Electronics,Laptop,23,Male,366,Corporate,Retail Store,SP-011,Credit Card,7,18292,128044,6.37,8156.4028,119887.5972,80851.27077040965,39036.32642959035,32.56077137359656,550.99,18,21579.767496,142018.354696,6,No,0.0,3.6
ORD-10350,2026-03-04,2026-03-05,South,Bengaluru,Office Supplies,Pen Set,52,Male,118,Consumer,Online,SP-018,Net Banking,23,8481,195063,12.54,24460.9002,170602.0998,137361.06805893563,33241.03174106436,19.484538455290668,1228.82,5,8530.10499,180361.02479,1,No,0.0,4.0
ORD-10351,2025-12-29,2026-01-04,West,Ahmedabad,Electronics,Tablet,58,Male,183,Small Business,Retail Store,SP-003,UPI,23,36615,842145,18.52,155965.25400000002,686179.746,485123.9793210974,201055.76667890267,29.30074340592715,1708.6,12,82341.56952,770229.91552,6,No,0.0,3.8
ORD-10352,2026-01-16,2026-01-17,Central,Indore,Accessories,Webcam,54,Male,165,Corporate,Online,SP-018,Net Banking,17,8547,145299,14.91,21664.0809,123634.9191,96341.49875416952,27293.42034583047,22.07581850217789,826.38,12,14836.190292,139297.48939200002,1,No,0.0,4.1
ORD-10353,2025-04-13,2025-04-15,North,Chandigarh,Office Supplies,Stapler,41,Other,443,Consumer,Online,SP-020,UPI,21,4083,85743,6.36,5453.2548,80289.7452,46882.48416483311,33407.26103516689,41.60837844478162,594.26,5,4014.48726,84898.49246,2,No,0.0,4.5
ORD-10354,2025-11-10,2025-11-16,South,Chennai,Electronics,Smartphone,46,Male,232,Corporate,Online,SP-008,UPI,20,66453,1329060,13.29,176632.074,1152427.926,657337.9544539936,495089.9715460064,42.96060173276349,1131.27,5,57621.3963,1211180.5923,6,No,0.0,3.9
ORD-10355,2025-04-28,2025-05-07,West,Ahmedabad,Accessories,Mouse,63,Female,428,Small Business,Retail Store,SP-017,Net Banking,1,5653,5653,3.14,177.50420000000005,5475.4958,3151.4975387791883,2323.9982612208114,42.443613256370526,107.5,18,985.589244,6568.585044,9,No,0.0,4.6
ORD-10356,2026-01-14,2026-01-23,West,Pune,Electronics,Headphones,48,Male,167,Consumer,Distributor,SP-002,Net Banking,18,51052,918936,23.77,218431.0872,700504.9128,522648.0779918924,177856.8348081077,25.389805490041912,434.44,18,126090.884304,827030.237104,9,No,0.0,3.4
ORD-10357,2026-05-27,2026-05-28,Central,Kanpur,Home Appliances,Refrigerator,52,Female,34,Corporate,Retail Store,SP-001,Credit Card,21,9357,196497,13.3,26134.101,170362.899,137420.8408607805,32942.0581392195,19.336403837093368,721.32,18,30665.32182,201749.54082,1,No,0.0,4.2
ORD-10358,2026-03-28,2026-04-01,West,Mumbai,Accessories,USB Hub,50,Female,94,Consumer,Online,SP-013,UPI,10,1466,14660,12.91,1892.606,12767.394,7056.432609888202,5710.961390111798,44.730830662168,198.34,18,2298.13092,15263.86492,4,No,0.0,3.9
ORD-10359,2025-01-16,2025-01-23,South,Bengaluru,Electronics,Tablet,38,Female,530,Consumer,Online,SP-013,Cash,13,64862,843206,5.58,47050.8948,796155.1052,486394.5905221252,309760.5146778748,38.90705625759452,420.65,12,95538.612624,892114.367824,7,Yes,796155.1052,2.5
ORD-10360,2025-06-14,2025-06-21,South,Bengaluru,Office Supplies,Stapler,49,Male,381,Consumer,Online,SP-001,Credit Card,7,3940,27580,18.43,5082.994,22497.006,16160.075614292433,6336.930385707568,28.167883253920845,1748.47,5,1124.8503,25370.3263,7,No,0.0,4.8
ORD-10361,2026-05-24,2026-06-02,East,Bhubaneswar,Furniture,Desk,40,Male,37,Consumer,Online,SP-006,Net Banking,13,31011,403143,2.6,10481.718,392661.282,246201.4396101992,146459.84238980082,37.29928289436003,1019.45,12,47119.35384,440800.08584,9,No,0.0,3.4
ORD-10362,2026-06-04,2026-06-12,Central,Kanpur,Accessories,Webcam,50,Male,26,Consumer,Retail Store,SP-019,Credit Card,20,8840,176800,24.42,43174.56,133625.44,103280.82964805086,30344.610351949144,22.708707527510587,155.01,5,6681.272,140461.722,8,No,0.0,4.5
ORD-10363,2026-04-07,2026-04-08,South,Hyderabad,Home Appliances,Microwave,20,Female,84,Corporate,Online,SP-011,Credit Card,13,11554,150202,10.83,16266.8766,133935.1234,104561.52601754724,29373.597382452772,21.93121314020664,1360.75,18,24108.322212,159404.195612,1,No,0.0,4.5
ORD-10364,2025-01-22,2025-01-31,North,Jaipur,Furniture,Desk,35,Female,524,Consumer,Retail Store,SP-015,Debit Card,24,12794,307056,15.93,48914.0208,258141.9792,145957.4982695923,112184.4809304077,43.45844146623313,1227.45,12,30977.037504000004,290346.466704,9,No,0.0,4.1
ORD-10365,2025-05-21,2025-05-23,East,Guwahati,Accessories,Mouse,42,Female,405,Consumer,Retail Store,SP-009,Debit Card,14,3741,52374,19.1,10003.434,42370.566,28315.831728878304,14054.734271121695,33.170985422101026,1481.13,18,7626.70188,51478.39788,2,No,0.0,4.1
ORD-10366,2026-01-07,2026-01-16,West,Pune,Office Supplies,Pen Set,59,Male,174,Consumer,Distributor,SP-008,Net Banking,11,8995,98945,22.52,22282.414,76662.586,51084.43316338361,25578.152836616384,33.36458391400518,396.51,12,9199.51032,86258.60631999999,9,No,0.0,3.6
ORD-10367,2026-01-31,2026-02-06,South,Hyderabad,Furniture,Sofa,48,Female,150,Consumer,Online,SP-014,Net Banking,11,33095,364045,10.93,39790.1185,324254.8815,248025.98759277712,76228.8939072229,23.5089425807836,585.07,18,58365.878670000006,383205.83017,6,No,0.0,3.7
ORD-10368,2025-10-22,2025-11-01,Central,Indore,Home Appliances,Air Conditioner,20,Female,251,Corporate,Retail Store,SP-011,UPI,13,47733,620529,2.41,14954.7489,605574.2511,417598.9751525527,187975.27594744728,31.040830353337867,976.75,12,72668.910132,679219.911232,10,No,0.0,4.7
ORD-10369,2025-11-04,2025-11-13,West,Pune,Office Supplies,Notebook,57,Male,238,Consumer,Retail Store,SP-020,Cash,10,11834,118340,16.03,18969.902,99370.098,64915.58384952377,34454.51415047623,34.672919564269954,582.92,18,17886.61764,117839.63564,9,No,0.0,4.3
ORD-10370,2026-01-06,2026-01-11,East,Guwahati,Home Appliances,Washing Machine,63,Male,175,Consumer,Online,SP-005,Cash,22,24622,541684,4.05,21938.202,519745.798,347294.66138255165,172451.13661744836,33.17990011291027,453.79,5,25987.289900000003,546186.8779000001,5,No,0.0,4.4
ORD-10371,2026-02-06,2026-02-14,North,Chandigarh,Furniture,Desk,41,Female,144,Consumer,Online,SP-010,Credit Card,1,34275,34275,23.47,8044.3425,26230.6575,16867.390350108646,9363.267149891357,35.69589191537175,331.72,5,1311.532875,27873.910375000003,8,No,0.0,4.8
ORD-10372,2025-06-11,2025-06-20,South,Bengaluru,Electronics,Tablet,49,Female,384,Corporate,Distributor,SP-017,Credit Card,5,87464,437320,15.51,67828.332,369491.668,220600.15348719424,148891.51451280576,40.296311773072446,1735.06,18,66508.50024000001,437735.22824,9,No,0.0,4.2
ORD-10373,2025-04-14,2025-04-20,East,Guwahati,Accessories,Webcam,64,Female,442,Small Business,Retail Store,SP-010,Debit Card,14,2189,30646,8.61,2638.6206,28007.3794,19270.80100029216,8736.57839970784,31.19384457550441,1461.7,12,3360.885528,32829.964927999994,6,No,0.0,4.3
ORD-10374,2025-11-29,2025-11-30,North,Lucknow,Accessories,Keyboard,39,Male,213,Corporate,Online,SP-015,Credit Card,20,8611,172220,14.98,25798.556,146421.444,96752.22366086222,49669.22033913777,33.922094320513445,632.67,5,7321.0722,154375.1862,1,No,0.0,4.1
ORD-10375,2025-01-20,2025-01-29,West,Ahmedabad,Accessories,Webcam,40,Female,526,Consumer,Online,SP-003,Credit Card,14,6958,97412,6.13,5971.355599999999,91440.6444,52755.41430107581,38685.23009892419,42.30638394202326,145.4,18,16459.315992,108045.360392,9,No,0.0,4.1
ORD-10376,2025-11-21,2025-11-23,West,Pune,Furniture,Sofa,19,Male,221,Corporate,Retail Store,SP-006,UPI,18,18733,337194,23.43,79004.5542,258189.4458,148209.16620337346,109980.27959662653,42.596737157807766,945.17,12,30982.733496,290117.349296,2,No,0.0,3.7
ORD-10377,2026-03-21,2026-03-27,East,Kolkata,Office Supplies,Stapler,44,Male,101,Corporate,Retail Store,SP-017,Cash,18,5473,98514,9.61,9467.1954,89046.8046,69110.27060249979,19936.533997500213,22.3888258394622,592.26,5,4452.340230000001,94091.40483,6,Yes,89046.8046,2.9
ORD-10378,2025-05-24,2025-06-02,East,Guwahati,Electronics,Tablet,59,Male,402,Corporate,Online,SP-003,Credit Card,24,46677,1120248,14.24,159523.31519999998,960724.6848,607089.9563306426,353634.7284693575,36.8091643802174,737.47,12,115286.96217600002,1076749.116976,9,No,0.0,4.2
ORD-10379,2025-05-12,2025-05-15,Central,Indore,Accessories,USB Hub,19,Female,414,Consumer,Distributor,SP-009,UPI,9,7021,63189,8.11,5124.6279,58064.3721,43963.61448222192,14100.75761777808,24.284698357700968,410.3,18,10451.586978,68926.259078,3,No,0.0,5.0
ORD-10380,2025-08-24,2025-08-30,Central,Bhopal,Home Appliances,Air Conditioner,43,Female,310,Corporate,Online,SP-017,UPI,8,49990,399920,6.59,26354.728,373565.272,209271.9440606263,164293.32793937373,43.97981832191664,1175.9,18,67241.74896,441982.92096,6,No,0.0,4.0
ORD-10381,2025-08-01,2025-08-05,North,Jaipur,Accessories,USB Hub,34,Female,333,Small Business,Online,SP-009,Net Banking,3,7291,21873,17.46,3819.0258,18053.9742,12519.064108459374,5534.910091540627,30.657571735870917,223.03,12,2166.476904,20443.481104,4,No,0.0,3.8
ORD-10382,2026-01-17,2026-01-23,West,Mumbai,Accessories,USB Hub,57,Male,164,Corporate,Online,SP-009,Credit Card,13,7524,97812,12.93,12647.0916,85164.9084,54135.92372125381,31028.984678746197,36.43400229236458,1391.03,12,10219.789008,96775.727408,6,No,0.0,4.2
ORD-10383,2025-09-25,2025-09-29,Central,Nagpur,Home Appliances,Air Conditioner,50,Female,278,Corporate,Retail Store,SP-011,Credit Card,13,50679,658827,19.31,127219.4937,531607.5063,360386.7168829858,171220.78941701417,32.20812110211059,831.85,18,95689.351134,628128.707434,4,No,0.0,5.0
ORD-10384,2025-09-03,2025-09-12,East,Bhubaneswar,Electronics,Smartphone,26,Male,300,Small Business,Retail Store,SP-019,Debit Card,23,43645,1003835,3.74,37543.429,966291.571,682015.6372137651,284275.93378623493,29.41927077890602,1174.6,5,48314.578550000006,1015780.74955,9,No,0.0,4.4
ORD-10385,2025-04-12,2025-04-18,West,Mumbai,Electronics,Smartphone,60,Female,444,Consumer,Online,SP-003,Debit Card,5,27510,137550,21.66,29793.33,107756.67,82605.70422195578,25150.96577804422,23.340518761431863,660.33,18,19396.2006,127813.2006,6,No,0.0,5.0
ORD-10386,2025-11-25,2025-12-05,North,Lucknow,Electronics,Headphones,65,Male,217,Corporate,Online,SP-002,UPI,5,68998,344990,21.23,73241.37700000001,271748.623,156892.58739234044,114856.03560765958,42.26554465656283,1232.81,5,13587.431150000002,286568.86415000004,10,No,0.0,4.7
ORD-10387,2025-10-27,2025-10-31,Central,Nagpur,Electronics,Laptop,56,Male,246,Consumer,Online,SP-010,Net Banking,20,78864,1577280,21.75,343058.4,1234221.6,912241.3416775956,321980.25832240446,26.087718633542345,753.17,18,222159.888,1457134.658,4,No,0.0,4.4
ORD-10388,2026-05-26,2026-06-04,West,Pune,Electronics,Laptop,46,Male,35,Consumer,Distributor,SP-017,Credit Card,18,59805,1076490,15.59,167824.79100000003,908665.209,623851.972954458,284813.23604554206,31.344133485531305,81.48,12,109039.82508,1017786.51408,9,No,0.0,3.5
ORD-10389,2025-12-11,2025-12-21,North,Delhi,Office Supplies,Stapler,59,Male,201,Small Business,Online,SP-015,UPI,19,3877,73663,20.46,15071.4498,58591.5502,36132.27592780146,22459.27427219854,38.3319338633893,1624.32,12,7030.986024,67246.856224,10,No,0.0,5.0
ORD-10390,2025-12-12,2025-12-13,South,Chennai,Office Supplies,Notebook,43,Female,200,Consumer,Online,SP-020,Cash,23,572,13156,6.2,815.672,12340.328,8699.601719412258,3640.7262805877417,29.50267027414297,1165.46,5,617.0164,14122.8044,1,Yes,12340.328,2.2
ORD-10391,2025-07-29,2025-08-04,West,Pune,Home Appliances,Air Conditioner,52,Female,336,Consumer,Retail Store,SP-007,Debit Card,22,37383,822426,12.4,101980.824,720445.176,404642.3403056552,315802.8356943448,43.83440214670058,591.8,5,36022.2588,757059.2348,6,No,0.0,3.7
ORD-10392,2026-01-16,2026-01-23,North,Jaipur,Furniture,Bookshelf,42,Male,165,Small Business,Retail Store,SP-008,Net Banking,5,24257,121285,13.89,16846.486500000003,104438.5135,83047.6882357352,21390.8252642648,20.48174044938393,1457.66,5,5221.925675,111118.099175,7,No,0.0,3.5
ORD-10393,2025-09-26,2025-10-06,East,Bhubaneswar,Furniture,Desk,41,Female,277,Corporate,Online,SP-020,Debit Card,18,4801,86418,19.57,16912.0026,69505.9974,38323.61071960121,31182.386680398784,44.862872049655365,1656.08,5,3475.29987,74637.37727,10,No,0.0,4.3
ORD-10394,2026-04-13,2026-04-15,North,Lucknow,Accessories,Keyboard,30,Male,78,Corporate,Retail Store,SP-018,Net Banking,1,7302,7302,13.92,1016.4384,6285.5616,4240.79141352708,2044.77018647292,32.53122499782549,600.26,5,314.27808,7200.09968,2,Yes,6285.5616,2.5
ORD-10395,2025-07-30,2025-08-07,Central,Indore,Office Supplies,Printer,24,Female,335,Corporate,Retail Store,SP-017,Net Banking,6,2079,12474,20.81,2595.8394,9878.1606,6356.515653523759,3521.64494647624,35.650816878561784,1463.54,12,1185.379272,12527.079871999998,8,No,0.0,4.1
ORD-10396,2025-08-28,2025-09-04,West,Mumbai,Accessories,Webcam,53,Female,306,Corporate,Online,SP-004,Credit Card,3,9403,28209,14.88,4197.4992,24011.5008,16359.740462973265,7651.760337026739,31.86706404052319,933.63,5,1200.5750400000002,26145.70584,7,No,0.0,3.1
ORD-10397,2025-01-23,2025-01-31,Central,Indore,Furniture,Sofa,62,Female,523,Consumer,Online,SP-005,Credit Card,10,6893,68930,11.35,7823.555,61106.445,39930.27575146986,21176.16924853014,34.654559348903604,1440.66,12,7332.7734,69879.8784,8,No,0.0,3.9
ORD-10398,2026-05-19,2026-05-21,North,Chandigarh,Office Supplies,Pen Set,37,Male,42,Small Business,Online,SP-001,Cash,11,7969,87659,24.36,21353.7324,66305.2676,51851.89530574291,14453.372294257097,21.798226321097143,242.53,12,7956.632112,74504.42971200001,2,No,0.0,4.2
ORD-10399,2025-06-14,2025-06-20,West,Pune,Electronics,Headphones,18,Female,381,Consumer,Online,SP-001,Net Banking,3,33017,99051,19.93,19740.8643,79310.1357,44101.29692865186,35208.838771348135,44.39387029235424,1099.8,18,14275.824426,94685.760126,6,Yes,79310.1357,4.6
ORD-10400,2025-03-11,2025-03-12,Central,Kanpur,Electronics,Headphones,25,Female,476,Consumer,Distributor,SP-013,Cash,10,81914,819140,24.61,201590.354,617549.646,493881.4857739906,123668.16022600932,20.02562239765405,1424.92,18,111158.93627999998,730133.50228,1,No,0.0,3.1
ORD-10401,2025-08-27,2025-08-28,East,Bhubaneswar,Home Appliances,Microwave,63,Male,307,Consumer,Distributor,SP-017,Credit Card,4,5559,22236,22.13,4920.8268,17315.1732,10932.682101576296,6382.491098423705,36.86068296691196,215.47,5,865.7586600000001,18396.40186,1,No,0.0,3.3
ORD-10402,2026-03-20,2026-03-24,North,Chandigarh,Accessories,USB Hub,33,Male,102,Consumer,Online,SP-011,Credit Card,1,5621,5621,20.44,1148.9324,4472.0676,3220.840135520754,1251.2274644792465,27.978724303703423,562.62,5,223.60338000000004,5258.290980000001,4,No,0.0,4.4
ORD-10403,2025-03-29,2025-04-06,South,Kochi,Electronics,Smartphone,31,Female,458,Consumer,Online,SP-015,UPI,1,30666,30666,24.76,7592.9016,23073.0984,12934.98258753312,10138.11581246688,43.9391174809313,1196.09,5,1153.65492,25422.84332,8,No,0.0,4.5
ORD-10404,2026-04-18,2026-04-22,East,Bhubaneswar,Furniture,Chair,29,Female,73,Corporate,Online,SP-017,Cash,14,16367,229138,3.29,7538.6402,221599.3598,126708.58217055544,94890.77762944458,42.82087173676238,1787.35,18,39887.884764,263274.594564,4,No,0.0,3.2
ORD-10405,2025-03-22,2025-04-01,East,Bhubaneswar,Office Supplies,Printer,40,Female,465,Corporate,Retail Store,SP-001,Net Banking,16,10040,160640,14.52,23324.928,137315.072,81768.23472972761,55546.83727027237,40.45210511943829,1380.81,12,16477.80864,155173.69064,10,No,0.0,4.3
ORD-10406,2025-10-02,2025-10-09,West,Ahmedabad,Accessories,Mouse,32,Female,271,Consumer,Online,SP-013,Debit Card,9,9885,88965,8.86,7882.298999999999,81082.701,50353.73375259796,30728.96724740204,37.89830243494484,336.31,12,9729.92412,91148.93512,7,No,0.0,4.6
ORD-10407,2026-04-09,2026-04-12,Central,Indore,Furniture,Desk,45,Female,82,Corporate,Online,SP-012,Cash,14,26074,365036,6.21,22668.7356,342367.2644,242775.07392155912,99592.19047844088,29.089285347703026,1029.99,5,17118.36322,360515.61762,3,No,0.0,4.7
ORD-10408,2025-06-20,2025-06-24,East,Guwahati,Office Supplies,Stapler,51,Male,375,Consumer,Online,SP-017,Net Banking,17,6283,106811,7.85,8384.6635,98426.3365,76062.53586602886,22363.800633971143,22.72135835714168,899.2,12,11811.16038,111136.69688,4,No,0.0,3.1
ORD-10409,2025-07-05,2025-07-06,South,Kochi,Accessories,USB Hub,19,Male,360,Consumer,Online,SP-001,Net Banking,19,9693,184167,17.31,31879.307699999998,152287.6923,95527.10935703112,56760.58294296888,37.27194370452016,855.18,5,7614.384615,160757.25691499998,1,No,0.0,3.7
ORD-10410,2025-05-02,2025-05-05,Central,Kanpur,Furniture,Desk,49,Male,424,Consumer,Online,SP-011,Credit Card,1,27428,27428,16.97,4654.531599999999,22773.4684,13240.355465653438,9533.112934346564,41.86061063209223,988.72,5,1138.67342,24900.86182,3,No,0.0,3.6
ORD-10411,2026-02-21,2026-02-22,Central,Indore,Home Appliances,Air Conditioner,40,Female,129,Consumer,Online,SP-013,Net Banking,19,49896,948024,21.97,208280.8728,739743.1272,573519.7857381708,166223.34146182914,22.470413762544943,1507.76,18,133153.762896,874404.6500959999,1,No,0.0,2.5
ORD-10412,2025-09-05,2025-09-10,South,Kochi,Furniture,Chair,39,Male,298,Small Business,Online,SP-007,Cash,18,6001,108018,13.42,14496.0156,93521.9844,61629.54818369326,31892.43621630674,34.1015392486761,1237.66,5,4676.09922,99435.74362,5,No,0.0,4.3
ORD-10413,2026-04-27,2026-05-07,Central,Indore,Home Appliances,Microwave,42,Female,64,Consumer,Retail Store,SP-001,Credit Card,1,32079,32079,13.65,4378.7835000000005,27700.2165,22501.146697526798,5199.069802473205,18.76905836628824,533.42,12,3324.02598,31557.662479999995,10,No,0.0,3.0
ORD-10414,2026-01-22,2026-01-24,West,Surat,Accessories,Keyboard,39,Female,159,Consumer,Online,SP-009,Cash,23,4591,105593,10.5,11087.265,94505.735,64884.65978473401,29621.07521526599,31.343150990007107,1030.61,12,11340.6882,106877.0332,2,No,0.0,3.5
ORD-10415,2025-01-20,2025-01-30,South,Hyderabad,Accessories,Webcam,39,Female,526,Small Business,Online,SP-006,Net Banking,1,9501,9501,21.11,2005.6611,7495.338900000001,4714.20893635978,2781.129963640221,37.1047927351253,1581.07,18,1349.161002,10425.569902,10,No,0.0,4.1
ORD-10416,2025-01-31,2025-02-07,West,Ahmedabad,Office Supplies,Notebook,59,Male,515,Consumer,Retail Store,SP-011,Credit Card,8,4468,35744,15.19,5429.5136,30314.4864,23397.16337782432,6917.323022175682,22.818539396978476,100.0,5,1515.72432,31930.210720000003,7,No,0.0,4.5
ORD-10417,2026-03-12,2026-03-13,West,Pune,Furniture,Sofa,23,Female,110,Small Business,Retail Store,SP-013,Debit Card,1,22047,22047,7.15,1576.3605000000002,20470.6395,16413.046433963566,4057.593066036436,19.821525683339964,904.18,18,3684.71511,25059.53461,1,No,0.0,4.2
ORD-10418,2026-05-21,2026-05-26,Central,Indore,Electronics,Laptop,32,Male,40,Consumer,Distributor,SP-019,Debit Card,5,64911,324555,24.78,80424.729,244130.271,148074.72886297054,96055.54213702946,39.34601872335179,70.61,5,12206.51355,256407.39455,5,No,0.0,3.4
ORD-10419,2026-06-25,2026-06-26,South,Bengaluru,Electronics,Headphones,60,Female,5,Consumer,Retail Store,SP-003,UPI,16,46735,747760,6.11,45688.136000000006,702071.864,557106.204410369,144965.6595896309,20.64826508837718,745.08,18,126372.93552,829189.8795199998,1,No,0.0,3.7
ORD-10420,2025-08-25,2025-09-01,North,Delhi,Furniture,Bookshelf,54,Male,309,Small Business,Online,SP-010,Credit Card,18,15923,286614,22.39,64172.8746,222441.1254,172664.5367199409,49776.588680059096,22.3774217067772,1594.87,18,40039.402572,264075.397972,7,No,0.0,4.3
ORD-10421,2025-06-20,2025-06-28,Central,Nagpur,Electronics,Smartphone,50,Male,375,Consumer,Online,SP-013,Cash,22,69142,1521124,15.61,237447.4564,1283676.5436,731056.2614169616,552620.2821830384,43.04980759664311,308.04,12,154041.185232,1438025.768832,8,No,0.0,4.6
ORD-10422,2025-07-29,2025-08-06,North,Lucknow,Accessories,Keyboard,25,Female,336,Consumer,Online,SP-010,Credit Card,19,6976,132544,19.7,26111.168,106432.832,74669.66393460464,31763.16806539535,29.84339274688787,1594.96,18,19157.90976,127185.70176,8,No,0.0,4.7
ORD-10423,2026-05-01,2026-05-09,Central,Kanpur,Accessories,Keyboard,61,Male,60,Consumer,Distributor,SP-015,Credit Card,7,6838,47866,4.15,1986.4390000000003,45879.561,34748.45149246506,11131.109507534944,24.261586782695986,1357.64,5,2293.97805,49531.17905,8,No,0.0,4.5
ORD-10424,2026-04-23,2026-04-26,North,Lucknow,Office Supplies,Printer,61,Male,68,Corporate,Online,SP-009,Cash,20,7970,159400,17.98,28660.12,130739.88,99998.0206696942,30741.85933030581,23.513758258234454,645.38,12,15688.7856,147074.0456,3,Yes,130739.88,1.8
ORD-10425,2025-10-23,2025-10-29,Central,Bhopal,Home Appliances,Microwave,22,Female,250,Consumer,Online,SP-019,UPI,5,27465,137325,16.71,22947.0075,114377.9925,64596.66950344631,49781.32299655368,43.52351523965914,762.92,5,5718.899624999999,120859.812125,6,No,0.0,5.0
ORD-10426,2025-06-28,2025-06-30,West,Surat,Home Appliances,Air Conditioner,56,Female,367,Consumer,Distributor,SP-020,Net Banking,16,6095,97520,5.74,5597.648,91922.352,67290.2280257694,24632.12397423061,26.7966641826469,283.57,18,16546.02336,108751.94536,2,No,0.0,3.7
ORD-10427,2026-06-11,2026-06-19,Central,Bhopal,Furniture,Chair,21,Female,19,Consumer,Online,SP-019,Credit Card,4,27854,111416,17.4,19386.384,92029.616,74504.71688024355,17524.89911975646,19.042673306119696,1104.67,12,11043.55392,104177.83992,8,No,0.0,4.1
ORD-10428,2025-08-16,2025-08-25,Central,Indore,Accessories,Mouse,23,Female,318,Consumer,Online,SP-015,UPI,3,8250,24750,19.24,4761.9,19988.1,13353.726693385785,6634.373306614216,33.19161554431995,1682.12,12,2398.572,24068.792,9,No,0.0,4.3
ORD-10429,2026-04-26,2026-05-04,Central,Kanpur,Accessories,Keyboard,62,Female,65,Consumer,Online,SP-005,Cash,1,7439,7439,23.55,1751.8845,5687.1155,3380.545719779177,2306.5697802208224,40.557814945394064,458.77,12,682.45386,6828.33936,8,No,0.0,3.3
ORD-10430,2025-04-17,2025-04-19,West,Surat,Furniture,Bookshelf,49,Male,439,Small Business,Online,SP-007,Debit Card,7,7947,55629,15.49,8616.9321,47012.0679,33781.96129581656,13230.106604183442,28.14193715606252,1193.26,18,8462.172222000001,56667.500122000005,2,No,0.0,4.8
ORD-10431,2025-11-16,2025-11-17,Central,Indore,Home Appliances,Air Conditioner,47,Male,226,Consumer,Online,SP-013,UPI,4,12902,51608,14.15,7302.532000000001,44305.468,32285.711970179524,12019.756029820475,27.12928352279334,413.07,12,5316.65616,50035.19416,1,No,0.0,3.2
ORD-10432,2025-08-20,2025-08-29,East,Bhubaneswar,Accessories,USB Hub,64,Male,314,Consumer,Distributor,SP-016,Debit Card,18,3631,65358,8.8,5751.504,59606.496,40760.50503217813,18845.99096782187,31.61734413615232,786.96,18,10729.16928,71122.62528000001,9,No,0.0,3.8
ORD-10433,2025-10-23,2025-10-26,Central,Nagpur,Home Appliances,Refrigerator,52,Female,250,Consumer,Distributor,SP-020,Debit Card,10,36358,363580,2.19,7962.401999999999,355617.598,276167.70035024505,79449.89764975494,22.341385267934616,105.99,5,17780.8799,373504.4679,3,No,0.0,3.1
ORD-10434,2025-06-12,2025-06-16,East,Bhubaneswar,Electronics,Tablet,57,Female,383,Small Business,Online,SP-003,Net Banking,22,10978,241516,13.08,31590.2928,209925.7072,147835.50962335806,62090.19757664195,29.57722444040048,1494.68,18,37786.627296,249207.014496,4,No,0.0,3.9
ORD-10435,2025-10-30,2025-11-07,Central,Bhopal,Electronics,Tablet,33,Male,243,Consumer,Distributor,SP-001,Credit Card,10,82034,820340,3.03,24856.302,795483.698,504003.3659378375,291480.3320621625,36.64189885914702,561.53,18,143187.06564,939232.29364,8,No,0.0,3.7
ORD-10436,2026-04-26,2026-04-30,North,Delhi,Furniture,Sofa,30,Male,65,Consumer,Retail Store,SP-005,Cash,6,24923,149538,3.83,5727.3054,143810.6946,115610.45270590187,28200.241894098115,19.609280083470317,506.17,5,7190.53473,151507.39933,4,No,0.0,4.1
ORD-10437,2025-06-21,2025-07-01,West,Surat,Electronics,Headphones,59,Female,374,Consumer,Online,SP-006,UPI,6,85518,513108,5.77,29606.3316,483501.6684,315717.102521267,167784.565878733,34.70196213261567,296.52,12,58020.200208,541818.388608,10,No,0.0,4.2
ORD-10438,2026-06-25,2026-07-05,South,Hyderabad,Home Appliances,Air Conditioner,47,Male,5,Consumer,Online,SP-005,UPI,7,14638,102466,22.65,23208.549,79257.451,46341.77060949929,32915.68039050071,41.530076952008855,95.78,12,9510.89412,88864.12512,10,No,0.0,3.7
ORD-10439,2025-01-08,2025-01-12,East,Kolkata,Office Supplies,Pen Set,36,Female,538,Consumer,Distributor,SP-008,Cash,17,496,8432,20.51,1729.4032,6702.5968,4800.282928906592,1902.313871093408,28.381744088998577,1369.12,18,1206.467424,9278.184224,4,No,0.0,4.7
ORD-10440,2025-08-09,2025-08-10,North,Jaipur,Accessories,USB Hub,34,Female,325,Corporate,Retail Store,SP-020,Net Banking,2,9546,19092,22.89,4370.1588,14721.8412,8512.311170579917,6209.530029420082,42.179031447643126,1310.47,12,1766.620944,17798.932144,1,No,0.0,3.8
ORD-10441,2025-08-22,2025-09-01,Central,Bhopal,Office Supplies,Notebook,36,Female,312,Small Business,Online,SP-009,Net Banking,13,5555,72215,8.91,6434.3565,65780.6435,50445.93344117772,15334.71005882229,23.311888183067545,526.0,5,3289.0321750000003,69595.675675,10,No,0.0,4.7
ORD-10442,2026-06-06,2026-06-13,East,Bhubaneswar,Furniture,Chair,45,Male,24,Consumer,Retail Store,SP-018,Debit Card,7,8026,56182,20.27,11388.0914,44793.9086,25833.611427234107,18960.29717276589,42.32784716796492,524.92,18,8062.903548000001,53381.732148,7,No,0.0,3.0
ORD-10443,2025-01-01,2025-01-04,East,Guwahati,Electronics,Smartphone,43,Female,545,Small Business,Online,SP-007,Net Banking,1,87303,87303,6.04,5273.1012,82029.8988,66384.49343620015,15645.405363799844,19.07280832071421,1263.05,5,4101.49494,87394.44374,3,No,0.0,4.0
ORD-10444,2025-02-11,2025-02-20,West,Surat,Office Supplies,Printer,54,Female,504,Small Business,Online,SP-017,Net Banking,7,1577,11039,18.85,2080.8515,8958.1485,6585.910686709877,2372.237813290122,26.481340572665463,1508.22,12,1074.9778199999998,11541.34632,9,No,0.0,3.1
ORD-10445,2025-08-09,2025-08-15,North,Jaipur,Home Appliances,Refrigerator,43,Female,325,Corporate,Retail Store,SP-010,Cash,1,62417,62417,22.34,13943.9578,48473.0422,37950.62539615721,10522.416803842789,21.707770600465405,825.81,12,5816.765063999999,55115.61726399999,6,No,0.0,4.5
ORD-10446,2026-06-10,2026-06-20,West,Pune,Electronics,Tablet,40,Female,20,Small Business,Distributor,SP-011,Debit Card,14,81048,1134672,6.57,74547.9504,1060124.0496,724704.7050485208,335419.3445514792,31.639631671221657,1349.04,5,53006.20248,1114479.29208,10,No,0.0,3.9
ORD-10447,2026-03-05,2026-03-15,North,Jaipur,Home Appliances,Air Conditioner,26,Female,117,Corporate,Online,SP-012,Debit Card,19,45209,858971,4.71,40457.5341,818513.4659,594923.4968791385,223589.96902086143,27.316590176682325,545.77,12,98221.61590799998,917280.851808,10,No,0.0,4.1
ORD-10448,2025-11-14,2025-11-15,Central,Bhopal,Accessories,USB Hub,29,Female,228,Corporate,Online,SP-006,UPI,4,5827,23308,4.77,1111.7915999999998,22196.2084,16424.14326657334,5772.065133426659,26.004734815098686,1178.5,12,2663.545008,26038.253408,1,No,0.0,3.8
ORD-10449,2026-04-18,2026-04-19,East,Patna,Electronics,Headphones,18,Male,73,Consumer,Distributor,SP-019,UPI,8,40543,324344,11.25,36488.7,287855.3,219198.45022742476,68656.84977257525,23.85116750415061,1734.87,12,34542.636,324132.806,1,No,0.0,3.1
ORD-10450,2025-09-06,2025-09-09,Central,Indore,Electronics,Tablet,18,Female,297,Corporate,Online,SP-010,Net Banking,19,85430,1623170,6.55,106317.635,1516852.365,889197.5108130682,627654.8541869317,41.37877018683567,148.7,18,273033.4257,1790034.4907,3,No,0.0,3.2
ORD-10451,2026-04-25,2026-05-01,North,Chandigarh,Electronics,Laptop,64,Female,66,Consumer,Online,SP-017,Credit Card,6,13392,80352,10.07,8091.4464,72260.5536,54526.97805438627,17733.575545613727,24.541156498438077,1069.2,18,13006.899648,86336.653248,6,Yes,72260.5536,3.7
ORD-10452,2025-10-25,2025-11-04,North,Jaipur,Furniture,Bookshelf,51,Male,248,Consumer,Retail Store,SP-002,Cash,5,29659,148295,4.44,6584.298000000001,141710.702,104289.7470220076,37420.954977992384,26.40658358886147,1762.64,5,7085.5351,150558.8771,10,No,0.0,3.8
ORD-10453,2025-11-05,2025-11-10,East,Patna,Electronics,Smartphone,49,Female,237,Corporate,Online,SP-002,Cash,15,36757,551355,9.21,50779.79550000001,500575.2045,346510.67477787734,154064.52972212265,30.77749923231019,617.44,12,60069.02454,561261.66904,5,No,0.0,4.9
ORD-10454,2026-06-04,2026-06-09,Central,Indore,Accessories,Keyboard,65,Female,26,Corporate,Distributor,SP-012,Net Banking,20,6039,120780,11.5,13889.7,106890.3,83605.39319563244,23284.906804367565,21.78392876095171,490.68,18,19240.254,126621.234,5,No,0.0,3.3
ORD-10455,2025-07-03,2025-07-04,East,Patna,Furniture,Sofa,42,Female,362,Corporate,Online,SP-011,Cash,9,31877,286893,5.08,14574.1644,272318.8356,214897.55430168932,57421.28129831064,21.086048334407117,1186.15,12,32678.260272,306183.245872,1,No,0.0,4.7
ORD-10456,2025-06-27,2025-07-06,West,Mumbai,Furniture,Desk,57,Male,368,Consumer,Retail Store,SP-010,Credit Card,10,13825,138250,6.36,8792.7,129457.3,98161.93611805903,31295.363881940968,24.174275133145034,1522.52,18,23302.314,154282.134,9,Yes,129457.3,1.7
ORD-10457,2026-05-07,2026-05-11,Central,Nagpur,Electronics,Tablet,62,Male,54,Corporate,Distributor,SP-014,Cash,16,32918,526688,23.39,123192.3232,403495.6768,263475.47165607795,140020.20514392207,34.70178571784937,187.66,12,48419.481216,452102.818016,4,No,0.0,3.5
ORD-10458,2026-06-13,2026-06-15,Central,Indore,Accessories,USB Hub,18,Other,17,Corporate,Retail Store,SP-011,Net Banking,8,8065,64520,4.91,3167.932,61352.068,43124.36606983245,18227.701930167543,29.710004119449646,747.2,18,11043.37224,73142.64024,2,No,0.0,4.5
ORD-10459,2025-08-23,2025-09-01,Central,Indore,Furniture,Chair,33,Female,311,Small Business,Online,SP-020,Cash,6,22897,137382,21.61,29688.2502,107693.7498,75177.58777332366,32516.16202667635,30.193174707968375,395.3,12,12923.249976,121012.299776,9,No,0.0,3.9
ORD-10460,2025-08-15,2025-08-22,Central,Nagpur,Furniture,Bookshelf,56,Male,319,Consumer,Retail Store,SP-018,Cash,14,8869,124166,11.13,13819.6758,110346.3242,82843.27010930127,27503.05409069873,24.92430471979304,1066.29,12,13241.558904,124654.173104,7,No,0.0,4.3
ORD-10461,2025-04-22,2025-04-26,Central,Nagpur,Office Supplies,Pen Set,22,Female,434,Small Business,Online,SP-005,Cash,22,1587,34914,15.94,5565.2916000000005,29348.7084,16852.045350084878,12496.663049915122,42.57994212077531,1728.66,18,5282.767511999999,36360.135912000005,4,No,0.0,4.8
ORD-10462,2025-11-04,2025-11-12,South,Hyderabad,Accessories,Keyboard,39,Female,238,Consumer,Online,SP-016,Credit Card,20,7135,142700,10.74,15325.98,127374.02,85479.55992835427,41894.460071645735,32.89089884392887,1766.13,18,22927.3236,152067.4736,8,No,0.0,4.0
ORD-10463,2025-01-11,2025-01-16,East,Guwahati,Accessories,USB Hub,46,Female,535,Consumer,Online,SP-020,UPI,15,2414,36210,24.67,8933.007000000001,27276.993,17275.360210207,10001.632789793,36.66691848985334,278.07,18,4909.85874,32464.92174,5,Yes,27276.993,2.6
ORD-10464,2025-08-31,2025-09-07,Central,Kanpur,Electronics,Tablet,20,Female,303,Consumer,Online,SP-015,Credit Card,14,35360,495040,20.07,99354.528,395685.472,289582.22767676186,106103.24432323816,26.815046755934,251.27,18,71223.38496,467160.12696,7,No,0.0,3.1
ORD-10465,2025-10-05,2025-10-06,South,Hyderabad,Electronics,Tablet,29,Male,268,Consumer,Distributor,SP-013,Cash,8,13813,110504,2.52,2784.7008,107719.2992,60867.04763303438,46852.25156696561,43.49476084130114,141.71,18,19389.473856,127250.483056,1,No,0.0,3.9
ORD-10466,2025-06-04,2025-06-05,West,Mumbai,Home Appliances,Refrigerator,43,Male,391,Consumer,Online,SP-004,Cash,8,65579,524632,20.38,106920.0016,417711.9984,331089.585120454,86622.41327954596,20.73735339452628,1696.99,12,50125.439808,469534.428208,1,No,0.0,3.4
ORD-10467,2026-02-12,2026-02-13,North,Lucknow,Electronics,Laptop,33,Male,138,Small Business,Retail Store,SP-010,Cash,22,81167,1785674,18.87,336956.6838,1448717.3162,796955.0101321004,651762.3060678996,44.98892218514228,1093.32,12,173846.077944,1623656.714144,1,No,0.0,5.0
ORD-10468,2026-05-31,2026-06-05,West,Surat,Accessories,Keyboard,54,Female,30,Consumer,Online,SP-008,Credit Card,15,4714,70710,5.61,3966.831,66743.169,44392.859652588166,22350.30934741183,33.48703647471673,990.48,5,3337.15845,71070.80745,5,No,0.0,4.7
ORD-10469,2025-03-29,2025-04-06,Central,Indore,Electronics,Headphones,39,Male,458,Corporate,Retail Store,SP-014,Net Banking,15,39323,589845,18.88,111362.736,478482.264,348649.5426480861,129832.72135191392,27.13428085432941,1479.68,12,57417.87168,537379.8156800001,8,No,0.0,5.0
ORD-10470,2025-11-05,2025-11-09,Central,Nagpur,Accessories,Keyboard,46,Male,237,Consumer,Online,SP-020,UPI,15,4098,61470,10.2,6269.94,55200.06,34655.410618024616,20544.64938197538,37.21852726604896,499.74,5,2760.003,58459.80299999999,4,No,0.0,4.1
ORD-10471,2025-10-26,2025-10-31,East,Patna,Accessories,Mouse,31,Male,247,Consumer,Online,SP-018,UPI,9,7543,67887,6.57,4460.1759,63426.8241,39691.975668783685,23734.848431216316,37.42083695345597,1798.8,12,7611.218892,72836.842992,5,No,0.0,3.8
ORD-10472,2025-09-17,2025-09-25,East,Kolkata,Home Appliances,Washing Machine,45,Female,286,Consumer,Distributor,SP-013,UPI,23,53744,1236112,14.37,177629.29439999998,1058482.7056,670669.5972998618,387813.10830013815,36.63858712555031,303.81,12,127017.924672,1185804.4402720002,8,No,0.0,4.0
ORD-10473,2025-11-26,2025-11-30,East,Kolkata,Electronics,Laptop,22,Female,216,Consumer,Online,SP-002,Debit Card,15,89588,1343820,13.22,177653.00400000002,1166166.996,839957.1680072886,326209.82799271145,27.97282285569943,189.16,5,58308.3498,1224664.5058,4,No,0.0,3.6
ORD-10474,2025-08-19,2025-08-27,East,Bhubaneswar,Home Appliances,Microwave,64,Male,315,Consumer,Online,SP-015,Debit Card,21,67904,1425984,21.18,302023.41120000003,1123960.5888,860881.810728959,263078.778071041,23.40640594452852,654.56,12,134875.270656,1259490.419456,8,No,0.0,2.9
ORD-10475,2026-03-17,2026-03-18,Central,Kanpur,Accessories,Mouse,47,Male,105,Small Business,Retail Store,SP-012,Cash,19,9454,179626,10.71,19237.944600000003,160388.0554,106320.485599091,54067.569800909,33.710471559784864,1006.59,5,8019.40277,169414.04817,1,No,0.0,3.5
ORD-10476,2025-07-06,2025-07-11,East,Guwahati,Office Supplies,Notebook,63,Female,359,Consumer,Retail Store,SP-008,Debit Card,2,10302,20604,23.93,4930.5372,15673.4628,10673.402705336488,5000.060094663513,31.901438491712963,1754.12,18,2821.223304000001,20248.806104,5,No,0.0,4.0
ORD-10477,2026-06-15,2026-06-16,East,Bhubaneswar,Accessories,Webcam,22,Male,15,Corporate,Online,SP-015,Credit Card,19,1834,34846,6.93,2414.8278,32431.1722,18363.170392230408,14068.001807769591,43.378024454415474,619.63,12,3891.740664,36942.542864,1,No,0.0,3.8
ORD-10478,2026-04-10,2026-04-20,South,Kochi,Office Supplies,Stapler,29,Male,81,Corporate,Online,SP-012,Net Banking,7,11763,82341,20.19,16624.6479,65716.3521,36355.10183092333,29361.25026907667,44.6787585293808,563.02,12,7885.962252,74165.334352,10,No,0.0,4.4
ORD-10479,2025-12-30,2026-01-01,West,Ahmedabad,Electronics,Tablet,33,Male,182,Consumer,Retail Store,SP-008,Credit Card,6,54008,324048,13.57,43973.3136,280074.6864,159167.85218116443,120906.83421883556,43.16949731264096,1316.27,12,33608.962368,314999.91876800003,2,No,0.0,4.7
ORD-10480,2025-07-07,2025-07-15,West,Mumbai,Home Appliances,Refrigerator,43,Male,358,Small Business,Distributor,SP-008,Net Banking,24,55912,1341888,21.14,283675.12320000003,1058212.8768,760130.6106428466,298082.2661571534,28.16845955026971,1215.0,12,126985.545216,1186413.422016,8,No,0.0,4.0
ORD-10481,2025-11-21,2025-11-24,North,Lucknow,Home Appliances,Microwave,43,Male,221,Consumer,Online,SP-017,Net Banking,21,30102,632142,18.88,119348.40959999998,512793.5904,286297.429541773,226496.160858227,44.169070187002674,1130.56,18,92302.846272,606226.996672,3,No,0.0,4.8
ORD-10482,2026-02-09,2026-02-10,East,Bhubaneswar,Furniture,Sofa,65,Female,141,Consumer,Online,SP-014,Credit Card,22,14846,326612,14.03,45823.66359999999,280788.33640000003,222561.96403952537,58226.37236047466,20.736748935870207,337.69,12,33694.60036800001,314820.626768,1,Yes,280788.33640000003,3.4
ORD-10483,2025-08-10,2025-08-14,North,Lucknow,Accessories,Webcam,38,Male,324,Consumer,Retail Store,SP-015,Cash,12,9549,114588,4.55,5213.754,109374.246,68382.23845724072,40992.00754275928,37.47866526344719,1400.28,18,19687.36428,130461.89028,4,No,0.0,4.0
ORD-10484,2025-02-27,2025-03-02,South,Hyderabad,Accessories,Webcam,56,Female,488,Corporate,Distributor,SP-006,Net Banking,17,6663,113271,11.28,12776.9688,100494.0312,58988.08605621681,41505.94514378319,41.30190086730563,936.85,5,5024.70156,106455.58276,3,No,0.0,3.3
ORD-10485,2026-02-24,2026-03-03,South,Chennai,Home Appliances,Microwave,53,Male,126,Consumer,Retail Store,SP-006,Debit Card,2,26071,52142,21.45,11184.459,40957.541,26355.84316245478,14601.697837545216,35.65081662872587,1195.59,5,2047.87705,44201.00805,7,No,0.0,3.7
ORD-10486,2025-06-18,2025-06-22,East,Guwahati,Accessories,Keyboard,50,Female,377,Consumer,Online,SP-004,Cash,19,5555,105545,13.57,14322.456500000002,91222.5435,64561.90615250453,26660.637347495467,29.2259307015436,1660.34,5,4561.1271750000005,97444.010675,4,No,0.0,3.9
ORD-10487,2026-06-15,2026-06-24,North,Jaipur,Home Appliances,Microwave,47,Female,15,Consumer,Retail Store,SP-014,Net Banking,21,14228,298788,5.32,15895.521600000002,282892.4784,225882.15854765903,57010.319852341,20.152646042335,821.34,18,50920.646112,334634.46451200004,9,No,0.0,4.5
ORD-10488,2025-08-27,2025-09-06,East,Bhubaneswar,Accessories,Webcam,54,Male,307,Consumer,Online,SP-013,Credit Card,23,1637,37651,2.1,790.671,36860.329,29475.57581797113,7384.753182028868,20.03442015406012,246.88,18,6634.85922,43742.06822,10,No,0.0,3.8
ORD-10489,2026-06-05,2026-06-14,Central,Bhopal,Electronics,Laptop,40,Female,25,Small Business,Retail Store,SP-012,Credit Card,12,26361,316332,6.25,19770.75,296561.25,194775.38139503784,101785.86860496216,34.32203924314528,355.64,18,53381.025,350297.91500000004,9,Yes,296561.25,2.8
ORD-10490,2025-04-05,2025-04-06,South,Bengaluru,Office Supplies,Stapler,27,Male,451,Corporate,Retail Store,SP-012,Credit Card,14,8673,121422,6.5,7892.43,113529.57,63294.9422838628,50234.62771613721,44.2480560052656,1458.78,12,13623.5484,128611.8984,1,No,0.0,4.6
ORD-10491,2025-04-13,2025-04-15,Central,Indore,Home Appliances,Washing Machine,22,Female,443,Small Business,Distributor,SP-020,Cash,16,61406,982496,21.49,211138.3904,771357.6096,498576.9951161598,272780.6144838402,35.36370304628161,239.51,5,38567.88048,810165.00008,2,No,0.0,3.8
ORD-10492,2026-04-09,2026-04-16,North,Jaipur,Home Appliances,Air Conditioner,53,Male,82,Small Business,Online,SP-007,Cash,14,67636,946904,19.98,189191.4192,757712.5808,607168.7840230134,150543.79677698656,19.868192846691425,480.06,5,37885.62904,796078.2698400001,7,Yes,757712.5808,2.6
ORD-10493,2025-05-17,2025-05-24,Central,Nagpur,Furniture,Desk,51,Male,409,Corporate,Online,SP-004,Cash,10,9694,96940,17.06,16537.964,80402.036,64933.11498920604,15468.921010793958,19.239464297637884,1406.53,5,4020.1018,85828.6678,7,No,0.0,5.0
ORD-10494,2026-03-11,2026-03-13,North,Jaipur,Accessories,USB Hub,48,Male,111,Consumer,Retail Store,SP-003,Credit Card,22,8908,195976,19.79,38783.6504,157192.34960000002,105793.03253182158,51399.31706817844,32.69835790289532,1120.83,18,28294.622928000004,186607.802528,2,No,0.0,2.7
ORD-10495,2025-05-01,2025-05-03,Central,Indore,Accessories,USB Hub,27,Other,425,Consumer,Online,SP-009,UPI,12,9773,117276,3.09,3623.8284,113652.1716,63773.81463965481,49878.35696034519,43.886849022025366,488.9,5,5682.60858,119823.68018,2,No,0.0,2.5
ORD-10496,2025-03-09,2025-03-13,Central,Indore,Electronics,Smartphone,36,Female,478,Small Business,Online,SP-002,Net Banking,19,45132,857508,8.73,74860.44840000001,782647.5516,574972.9674915099,207674.58410849012,26.53487942100273,1440.9,18,140876.559288,924965.010888,4,No,0.0,4.6
ORD-10497,2025-09-21,2025-09-26,Central,Indore,Furniture,Bookshelf,49,Female,282,Corporate,Online,SP-003,Debit Card,9,7651,68859,15.27,10514.7693,58344.2307,43154.46966873472,15189.761031265276,26.03472673994016,1159.66,5,2917.2115350000004,62421.102235000006,5,No,0.0,3.9
ORD-10498,2026-02-11,2026-02-18,Central,Bhopal,Home Appliances,Washing Machine,18,Male,139,Small Business,Distributor,SP-015,Cash,16,58813,941008,24.93,234593.2944,706414.7056,444337.9590295186,262076.7465704814,37.09955986092957,676.12,12,84769.764672,791860.590272,7,No,0.0,3.0
ORD-10499,2025-09-12,2025-09-13,West,Surat,Furniture,Desk,22,Female,291,Consumer,Online,SP-018,UPI,9,4460,40140,10.51,4218.714,35921.286,26941.34397725654,8979.94202274346,24.99894358666185,1422.33,18,6465.831480000001,43809.44748,1,No,0.0,3.8
ORD-10500,2026-04-14,2026-04-23,North,Lucknow,Furniture,Chair,62,Male,77,Consumer,Online,SP-004,Debit Card,5,25903,129515,2.8,3626.42,125888.58,72708.23717975095,53180.34282024905,42.24397703131535,1102.47,18,22659.9444,149650.9944,9,No,0.0,2.8
